CustomerID,Churn_Probability,Predicted_12M_Revenue_EGP,Customer_Segment,Anomaly_Flag,Retention_Priority
CUST-00001,0.4863,5979.58,1,0,1
CUST-00002,0.1667,4222.89,2,0,0
CUST-00003,0.161,4086.88,1,0,0
CUST-00004,0.0917,4206.13,2,0,0
CUST-00005,0.1442,4756.18,1,0,0
CUST-00006,0.0838,5317.24,2,0,0
CUST-00007,0.5506,3986.81,2,0,0
CUST-00008,0.0262,5554.16,2,0,0
CUST-00009,0.1174,3494.99,2,0,0
CUST-00010,0.0742,4291.24,2,0,0
CUST-00011,0.2978,4862.97,0,0,0
CUST-00012,0.0892,7129.49,0,0,0
CUST-00013,0.213,5330.8,0,0,0
CUST-00014,0.1753,4516.53,2,0,0
CUST-00015,0.2205,4659.03,1,0,0
CUST-00016,0.0396,5504.39,2,0,0
CUST-00017,0.0293,5065.98,2,0,0
CUST-00018,0.041,6922.47,0,0,0
CUST-00019,0.04,3718.51,2,0,0
CUST-00020,0.1969,5918.75,1,0,0
CUST-00021,0.1182,4960.62,2,0,0
CUST-00022,0.0303,6050.23,1,0,0
CUST-00023,0.3837,4682.48,2,0,0
CUST-00024,0.0849,4183.55,2,0,0
CUST-00025,0.5138,4539.56,2,0,0
CUST-00026,0.1428,4380.15,2,0,0
CUST-00027,0.4837,6584.55,0,0,1
CUST-00028,0.2786,4600.34,2,0,0
CUST-00029,0.0436,5725.44,2,0,0
CUST-00030,0.2672,3924.77,2,0,0
CUST-00031,0.1328,4789.23,1,0,0
CUST-00032,0.0477,7836.21,0,0,0
CUST-00033,0.2783,6898.93,2,0,0
CUST-00034,0.2515,8299.79,0,0,0
CUST-00035,0.0628,5941.4,0,0,0
CUST-00036,0.1574,4559.66,2,0,0
CUST-00037,0.141,4104.73,2,0,0
CUST-00038,0.0527,6403.85,0,0,0
CUST-00039,0.1921,5545.71,0,0,0
CUST-00040,0.0208,4281.95,2,0,0
CUST-00041,0.0289,7845.23,0,0,0
CUST-00042,0.0395,7902.24,1,0,0
CUST-00043,0.1396,7887.36,0,0,0
CUST-00044,0.0665,6370.82,1,0,0
CUST-00045,0.0843,6841.47,0,0,0
CUST-00046,0.2096,4134.18,1,0,0
CUST-00047,0.149,3083.15,2,0,0
CUST-00048,0.2801,3626.37,2,0,0
CUST-00049,0.0522,6196.2,0,0,0
CUST-00050,0.329,4580.48,0,0,0
CUST-00051,0.2515,3716.96,2,0,0
CUST-00052,0.1256,6055.2,0,0,0
CUST-00053,0.1872,4552.35,0,0,0
CUST-00054,0.1727,7321.98,0,1,0
CUST-00055,0.0811,4089.33,1,0,0
CUST-00056,0.1334,4109.68,2,0,0
CUST-00057,0.6092,3841.72,1,0,0
CUST-00058,0.086,5502.2,0,0,0
CUST-00059,0.0554,7115.47,1,0,0
CUST-00060,0.0288,7696.29,0,0,0
CUST-00061,0.0735,5123.94,1,0,0
CUST-00062,0.0405,4787.83,2,0,0
CUST-00063,0.4251,7790.26,0,0,1
CUST-00064,0.1289,6422.4,0,0,0
CUST-00065,0.1059,5115.89,0,0,0
CUST-00066,0.2589,7014.61,0,0,0
CUST-00067,0.1353,4944.91,2,0,0
CUST-00068,0.0639,5810.76,2,0,0
CUST-00069,0.1682,4814.4,2,0,0
CUST-00070,0.2325,3400.59,2,0,0
CUST-00071,0.1445,3075.13,2,0,0
CUST-00072,0.2659,7205.71,0,0,0
CUST-00073,0.1128,6571.16,1,0,0
CUST-00074,0.0833,3856.14,2,0,0
CUST-00075,0.0251,7113.89,0,0,0
CUST-00076,0.056,7546.02,0,0,0
CUST-00077,0.3282,5643.13,0,0,0
CUST-00078,0.1691,4369.58,1,1,0
CUST-00079,0.0766,7352.01,0,0,0
CUST-00080,0.0628,3815.16,2,0,0
CUST-00081,0.2254,3334.43,2,0,0
CUST-00082,0.0091,5992.72,1,0,0
CUST-00083,0.4657,6475.03,0,0,1
CUST-00084,0.2424,5572.15,1,0,0
CUST-00085,0.4587,6032.8,0,0,1
CUST-00086,0.08,3156.84,2,0,0
CUST-00087,0.1312,7827.77,0,0,0
CUST-00088,0.2647,4117.08,2,0,0
CUST-00089,0.0448,6343.54,1,0,0
CUST-00090,0.4525,3646.11,2,0,0
CUST-00091,0.0203,6150.98,1,0,0
CUST-00092,0.2025,4275.81,2,0,0
CUST-00093,0.0738,9643.43,0,0,0
CUST-00094,0.0684,6157.02,2,0,0
CUST-00095,0.4335,7067.69,0,0,1
CUST-00096,0.5173,7615.91,1,0,1
CUST-00097,0.1646,3962.74,2,0,0
CUST-00098,0.1305,6752.13,0,1,0
CUST-00099,0.0231,4502.72,2,0,0
CUST-00100,0.3784,2899.94,2,0,0
CUST-00101,0.5595,2715.44,2,1,0
CUST-00102,0.1235,4400.75,2,0,0
CUST-00103,0.1219,8421.51,0,0,0
CUST-00104,0.1231,3430.77,2,0,0
CUST-00105,0.429,4731.51,2,0,0
CUST-00106,0.1292,4701.1,1,0,0
CUST-00107,0.1425,3330.91,2,0,0
CUST-00108,0.038,6501.08,2,0,0
CUST-00109,0.3826,6549.3,0,0,0
CUST-00110,0.1441,6355.35,0,0,0
CUST-00111,0.0648,8309.88,1,0,0
CUST-00112,0.1593,2718.93,2,0,0
CUST-00113,0.0916,9037.87,0,1,0
CUST-00114,0.1755,4647.7,2,0,0
CUST-00115,0.1694,4772.82,2,0,0
CUST-00116,0.0651,7030.43,0,0,0
CUST-00117,0.2475,6060.34,0,0,0
CUST-00118,0.4491,4023.87,2,0,0
CUST-00119,0.0621,4720.1,2,0,0
CUST-00120,0.0343,8168.1,0,0,0
CUST-00121,0.0269,3953.44,2,0,0
CUST-00122,0.3376,6478.48,1,1,0
CUST-00123,0.5919,4654.2,1,0,0
CUST-00124,0.4367,3082.34,2,0,0
CUST-00125,0.1772,7133.47,0,0,0
CUST-00126,0.0871,7055.48,0,0,0
CUST-00127,0.2849,6513.91,0,0,0
CUST-00128,0.0335,6260.39,2,0,0
CUST-00129,0.1468,5654.51,1,0,0
CUST-00130,0.0591,5038.83,2,0,0
CUST-00131,0.1705,5285.06,2,0,0
CUST-00132,0.1743,6631.36,0,0,0
CUST-00133,0.0417,4787.07,2,0,0
CUST-00134,0.1005,7262.79,0,0,0
CUST-00135,0.269,6036.2,1,0,0
CUST-00136,0.1727,3533.15,2,0,0
CUST-00137,0.0789,5714.07,1,0,0
CUST-00138,0.2257,3703.68,2,0,0
CUST-00139,0.0323,6403.07,0,0,0
CUST-00140,0.0171,7230.44,0,0,0
CUST-00141,0.1483,4424.67,2,0,0
CUST-00142,0.4352,6569.3,1,0,1
CUST-00143,0.2004,4333.96,2,0,0
CUST-00144,0.133,5795.57,1,0,0
CUST-00145,0.3238,4599.0,1,0,0
CUST-00146,0.0885,6360.24,0,0,0
CUST-00147,0.6397,5772.68,0,0,1
CUST-00148,0.0136,5792.45,0,0,0
CUST-00149,0.2366,4789.34,1,0,0
CUST-00150,0.3022,5593.31,0,0,0
CUST-00151,0.0636,3777.27,2,0,0
CUST-00152,0.0747,3254.39,2,1,0
CUST-00153,0.5082,4951.9,1,0,0
CUST-00154,0.399,4227.22,2,0,0
CUST-00155,0.0399,4080.35,2,0,0
CUST-00156,0.4447,4849.32,1,0,0
CUST-00157,0.1428,5893.53,0,0,0
CUST-00158,0.0836,5472.95,0,0,0
CUST-00159,0.6065,5900.2,0,0,1
CUST-00160,0.0122,5903.53,0,0,0
CUST-00161,0.0465,5437.89,2,0,0
CUST-00162,0.4045,4964.35,0,0,0
CUST-00163,0.0397,7826.99,0,0,0
CUST-00164,0.2741,5191.06,0,0,0
CUST-00165,0.0383,6287.09,0,0,0
CUST-00166,0.1983,5322.12,2,0,0
CUST-00167,0.3554,6784.46,0,0,0
CUST-00168,0.2012,7333.21,0,0,0
CUST-00169,0.3099,4680.11,1,0,0
CUST-00170,0.3084,5761.14,0,1,0
CUST-00171,0.1389,4845.58,2,0,0
CUST-00172,0.1978,7187.85,0,0,0
CUST-00173,0.4712,4511.6,2,0,0
CUST-00174,0.0182,7266.0,0,0,0
CUST-00175,0.0686,6226.57,1,0,0
CUST-00176,0.0298,6612.03,0,0,0
CUST-00177,0.0718,3977.77,2,0,0
CUST-00178,0.0562,5373.21,2,0,0
CUST-00179,0.0914,4068.08,2,0,0
CUST-00180,0.0417,6341.94,1,0,0
CUST-00181,0.0708,3619.85,2,0,0
CUST-00182,0.6611,5788.03,1,0,1
CUST-00183,0.03,6787.65,0,0,0
CUST-00184,0.1314,6058.95,0,0,0
CUST-00185,0.1389,3352.68,2,0,0
CUST-00186,0.3925,5776.8,0,0,0
CUST-00187,0.0904,2789.02,2,0,0
CUST-00188,0.089,6122.76,2,0,0
CUST-00189,0.0872,9164.87,0,0,0
CUST-00190,0.2118,2394.84,2,1,0
CUST-00191,0.0525,3490.34,2,0,0
CUST-00192,0.044,4019.38,2,0,0
CUST-00193,0.0319,7076.96,0,0,0
CUST-00194,0.0862,4201.44,2,1,0
CUST-00195,0.4613,6394.59,0,0,1
CUST-00196,0.0739,4556.66,2,0,0
CUST-00197,0.2183,4757.38,2,0,0
CUST-00198,0.4041,3155.09,2,0,0
CUST-00199,0.1651,4882.3,1,0,0
CUST-00200,0.2493,3599.27,2,0,0
CUST-00201,0.3103,6976.69,0,0,0
CUST-00202,0.3472,3686.64,2,0,0
CUST-00203,0.0443,5579.85,2,0,0
CUST-00204,0.0621,7112.01,1,0,0
CUST-00205,0.5658,5383.88,0,0,1
CUST-00206,0.4059,5303.59,0,0,1
CUST-00207,0.0359,4406.61,2,0,0
CUST-00208,0.3065,3671.27,2,0,0
CUST-00209,0.0285,6087.13,1,0,0
CUST-00210,0.0451,8333.27,0,0,0
CUST-00211,0.2904,5689.64,2,0,0
CUST-00212,0.2728,3122.55,2,0,0
CUST-00213,0.3979,4755.05,2,0,0
CUST-00214,0.0294,6545.37,0,0,0
CUST-00215,0.2698,4902.73,0,0,0
CUST-00216,0.0558,7511.99,1,1,0
CUST-00217,0.4792,5054.82,2,0,0
CUST-00218,0.0424,8276.51,0,0,0
CUST-00219,0.0423,5706.01,2,0,0
CUST-00220,0.0479,4201.66,2,0,0
CUST-00221,0.5365,5868.92,0,0,1
CUST-00222,0.0222,6203.6,1,1,0
CUST-00223,0.3237,4558.13,1,0,0
CUST-00224,0.6722,4853.58,1,0,0
CUST-00225,0.3737,3826.92,2,0,0
CUST-00226,0.3954,4795.16,0,0,0
CUST-00227,0.0087,6257.53,2,0,0
CUST-00228,0.0897,4604.85,1,0,0
CUST-00229,0.0708,8291.24,0,0,0
CUST-00230,0.0667,7054.4,1,0,0
CUST-00231,0.1786,5398.71,2,0,0
CUST-00232,0.0866,8046.94,0,0,0
CUST-00233,0.1796,4818.42,2,0,0
CUST-00234,0.0788,5712.37,1,1,0
CUST-00235,0.1644,6081.88,0,0,0
CUST-00236,0.4666,5394.7,1,0,1
CUST-00237,0.2219,5465.06,0,0,0
CUST-00238,0.4545,5673.59,0,0,1
CUST-00239,0.1274,4565.8,2,0,0
CUST-00240,0.2437,4657.47,1,0,0
CUST-00241,0.0564,4926.97,2,0,0
CUST-00242,0.0976,5104.18,2,0,0
CUST-00243,0.0392,5565.47,1,0,0
CUST-00244,0.0922,7045.74,0,0,0
CUST-00245,0.044,5076.5,2,0,0
CUST-00246,0.0457,7221.38,0,0,0
CUST-00247,0.0694,3691.43,2,0,0
CUST-00248,0.0353,6728.06,0,0,0
CUST-00249,0.0453,7858.03,0,0,0
CUST-00250,0.085,4499.37,2,0,0
CUST-00251,0.232,4609.4,2,0,0
CUST-00252,0.0232,6413.97,1,0,0
CUST-00253,0.1097,5563.17,1,0,0
CUST-00254,0.1126,4217.28,2,0,0
CUST-00255,0.1184,3876.22,2,0,0
CUST-00256,0.0195,6559.88,0,0,0
CUST-00257,0.0337,5796.86,0,0,0
CUST-00258,0.2517,5631.6,1,0,0
CUST-00259,0.1921,5475.03,0,0,0
CUST-00260,0.058,3327.14,2,0,0
CUST-00261,0.0512,5500.08,2,0,0
CUST-00262,0.0452,8363.31,0,0,0
CUST-00263,0.2803,4484.76,2,0,0
CUST-00264,0.0773,4458.4,2,0,0
CUST-00265,0.4222,3385.25,2,0,0
CUST-00266,0.0212,5127.33,2,0,0
CUST-00267,0.0185,5748.18,2,0,0
CUST-00268,0.201,4543.76,0,0,0
CUST-00269,0.2108,5330.34,1,0,0
CUST-00270,0.1163,3677.3,2,0,0
CUST-00271,0.0533,6676.27,0,0,0
CUST-00272,0.0898,3636.57,2,1,0
CUST-00273,0.069,5397.7,0,0,0
CUST-00274,0.0467,8658.32,0,0,0
CUST-00275,0.039,4342.56,2,0,0
CUST-00276,0.0438,5047.45,2,0,0
CUST-00277,0.1016,2928.36,2,0,0
CUST-00278,0.2395,5530.89,0,0,0
CUST-00279,0.0626,7627.13,0,0,0
CUST-00280,0.0408,6286.42,2,0,0
CUST-00281,0.0879,4779.11,2,0,0
CUST-00282,0.0346,3705.53,2,0,0
CUST-00283,0.0954,4175.55,1,0,0
CUST-00284,0.4308,2854.56,2,0,0
CUST-00285,0.1541,5641.61,0,0,0
CUST-00286,0.1566,7455.25,1,1,0
CUST-00287,0.2919,5507.87,0,0,0
CUST-00288,0.0555,6349.14,0,0,0
CUST-00289,0.0332,6877.27,0,0,0
CUST-00290,0.0525,5691.73,2,0,0
CUST-00291,0.0822,7321.49,0,0,0
CUST-00292,0.0478,7988.21,0,0,0
CUST-00293,0.1091,3492.58,2,0,0
CUST-00294,0.063,5374.25,2,0,0
CUST-00295,0.7043,5748.05,0,0,1
CUST-00296,0.1396,5478.44,0,0,0
CUST-00297,0.0697,6152.28,2,0,0
CUST-00298,0.0548,6774.72,0,0,0
CUST-00299,0.5467,6290.77,0,0,1
CUST-00300,0.4976,4826.21,0,0,0
CUST-00301,0.5196,4289.57,2,0,0
CUST-00302,0.0424,5935.97,1,0,0
CUST-00303,0.0959,6743.87,1,0,0
CUST-00304,0.4714,4461.84,0,0,0
CUST-00305,0.0717,6558.09,1,0,0
CUST-00306,0.051,9090.72,0,0,0
CUST-00307,0.0247,7384.99,1,0,0
CUST-00308,0.4057,5025.23,0,0,0
CUST-00309,0.0909,5342.27,1,0,0
CUST-00310,0.2214,3508.78,2,0,0
CUST-00311,0.4539,5747.48,0,0,1
CUST-00312,0.1133,3218.21,2,0,0
CUST-00313,0.1376,3704.7,2,0,0
CUST-00314,0.0294,4777.24,2,0,0
CUST-00315,0.2055,4763.05,0,0,0
CUST-00316,0.3039,5888.92,0,0,0
CUST-00317,0.1135,4934.46,2,0,0
CUST-00318,0.1171,5434.16,1,0,0
CUST-00319,0.5037,6766.75,0,0,1
CUST-00320,0.1979,4658.01,2,0,0
CUST-00321,0.2797,4925.74,2,0,0
CUST-00322,0.0636,5558.21,2,0,0
CUST-00323,0.3644,5860.04,1,0,0
CUST-00324,0.3174,10751.21,0,1,0
CUST-00325,0.1144,5004.5,2,0,0
CUST-00326,0.0382,4803.69,2,0,0
CUST-00327,0.0462,3490.59,1,0,0
CUST-00328,0.4997,7253.98,0,0,1
CUST-00329,0.0289,7378.63,0,0,0
CUST-00330,0.1837,9289.7,0,0,0
CUST-00331,0.2964,4629.23,1,0,0
CUST-00332,0.0254,7913.54,0,0,0
CUST-00333,0.148,4980.71,2,0,0
CUST-00334,0.0257,6564.28,1,0,0
CUST-00335,0.0273,4141.97,2,0,0
CUST-00336,0.1229,4759.15,1,0,0
CUST-00337,0.1562,4723.43,2,0,0
CUST-00338,0.1286,4560.78,2,0,0
CUST-00339,0.0373,4872.19,2,0,0
CUST-00340,0.6136,6397.86,0,0,1
CUST-00341,0.4647,5194.45,1,0,0
CUST-00342,0.1503,2642.16,2,1,0
CUST-00343,0.0795,4066.65,2,0,0
CUST-00344,0.0106,6128.05,1,0,0
CUST-00345,0.1015,4074.2,2,0,0
CUST-00346,0.1094,8252.77,0,0,0
CUST-00347,0.1527,4313.69,2,0,0
CUST-00348,0.6969,5725.52,0,0,1
CUST-00349,0.0825,6687.25,0,0,0
CUST-00350,0.0693,5489.78,2,0,0
CUST-00351,0.3884,5295.19,0,0,0
CUST-00352,0.4449,3601.51,2,0,0
CUST-00353,0.328,3310.05,1,0,0
CUST-00354,0.2997,7167.01,0,0,0
CUST-00355,0.1117,3303.04,2,1,0
CUST-00356,0.071,6543.72,2,0,0
CUST-00357,0.0493,6246.13,0,0,0
CUST-00358,0.0347,5543.04,2,0,0
CUST-00359,0.4217,5476.9,0,0,1
CUST-00360,0.1732,4601.47,2,0,0
CUST-00361,0.152,5859.27,0,0,0
CUST-00362,0.0467,6115.66,0,0,0
CUST-00363,0.2173,5529.37,0,0,0
CUST-00364,0.0634,6302.39,1,0,0
CUST-00365,0.2197,6781.7,0,0,0
CUST-00366,0.372,4997.9,0,0,0
CUST-00367,0.022,6559.2,0,0,0
CUST-00368,0.2947,6163.97,0,0,0
CUST-00369,0.0634,4852.4,2,0,0
CUST-00370,0.0241,7902.59,0,0,0
CUST-00371,0.2142,5541.44,1,0,0
CUST-00372,0.1423,4755.22,1,0,0
CUST-00373,0.0314,4837.3,2,0,0
CUST-00374,0.0565,4034.17,2,0,0
CUST-00375,0.056,3917.83,2,0,0
CUST-00376,0.2559,7105.33,0,1,0
CUST-00377,0.0414,3938.07,2,0,0
CUST-00378,0.3436,5174.05,0,0,0
CUST-00379,0.0389,2759.62,2,0,0
CUST-00380,0.0344,3570.86,2,1,0
CUST-00381,0.0994,6088.7,2,0,0
CUST-00382,0.186,6453.42,0,0,0
CUST-00383,0.2218,3781.04,1,0,0
CUST-00384,0.1559,4513.05,2,0,0
CUST-00385,0.3516,5525.29,0,0,0
CUST-00386,0.1674,5321.16,1,0,0
CUST-00387,0.0498,4347.4,2,0,0
CUST-00388,0.0838,4808.68,2,0,0
CUST-00389,0.4747,6459.23,0,0,1
CUST-00390,0.1623,8396.81,0,0,0
CUST-00391,0.2021,3569.54,2,0,0
CUST-00392,0.139,4807.92,2,0,0
CUST-00393,0.036,9110.07,0,0,0
CUST-00394,0.0831,4288.28,2,0,0
CUST-00395,0.1154,4161.31,2,1,0
CUST-00396,0.0459,5587.4,1,0,0
CUST-00397,0.2839,2849.96,2,0,0
CUST-00398,0.2702,6305.58,0,0,0
CUST-00399,0.5194,5931.45,0,0,1
CUST-00400,0.1836,3147.75,1,1,0
CUST-00401,0.0432,6814.07,1,0,0
CUST-00402,0.3262,4473.02,2,0,0
CUST-00403,0.2334,4824.33,1,0,0
CUST-00404,0.2059,5405.52,1,0,0
CUST-00405,0.074,8344.39,1,0,0
CUST-00406,0.5141,5359.68,0,0,1
CUST-00407,0.1163,7250.98,0,0,0
CUST-00408,0.0962,3676.29,2,0,0
CUST-00409,0.1034,10302.36,0,0,0
CUST-00410,0.4252,4779.57,2,0,0
CUST-00411,0.1826,3751.66,2,0,0
CUST-00412,0.22,5315.45,1,0,0
CUST-00413,0.1908,3237.06,2,0,0
CUST-00414,0.0825,3519.04,2,0,0
CUST-00415,0.1868,4887.32,2,0,0
CUST-00416,0.0249,4606.78,2,0,0
CUST-00417,0.2835,3985.63,2,0,0
CUST-00418,0.1785,8301.68,0,0,0
CUST-00419,0.1573,2414.95,2,0,0
CUST-00420,0.0333,8842.43,0,0,0
CUST-00421,0.0773,5381.57,1,0,0
CUST-00422,0.0909,7979.39,0,0,0
CUST-00423,0.0861,4069.62,2,0,0
CUST-00424,0.0291,6657.33,1,0,0
CUST-00425,0.0927,2173.51,2,0,0
CUST-00426,0.4237,4494.61,1,0,0
CUST-00427,0.0498,6296.34,0,0,0
CUST-00428,0.3589,4532.44,2,0,0
CUST-00429,0.1999,5976.23,0,0,0
CUST-00430,0.0483,7155.74,1,0,0
CUST-00431,0.2726,2316.45,2,1,0
CUST-00432,0.0271,6106.21,1,0,0
CUST-00433,0.2235,5552.37,0,0,0
CUST-00434,0.0571,4077.77,2,0,0
CUST-00435,0.0891,10816.57,1,1,0
CUST-00436,0.2591,6249.56,0,0,0
CUST-00437,0.0731,5701.65,2,0,0
CUST-00438,0.0663,4472.29,2,0,0
CUST-00439,0.057,4959.44,2,0,0
CUST-00440,0.5153,4195.72,2,0,0
CUST-00441,0.0525,5423.9,0,0,0
CUST-00442,0.6878,4028.39,2,0,0
CUST-00443,0.373,3917.91,1,0,0
CUST-00444,0.1967,4785.82,0,0,0
CUST-00445,0.2062,6015.78,0,0,0
CUST-00446,0.2055,5609.1,0,0,0
CUST-00447,0.2976,3739.92,2,0,0
CUST-00448,0.6291,4040.27,2,0,0
CUST-00449,0.0424,4485.73,2,0,0
CUST-00450,0.2022,4145.66,2,0,0
CUST-00451,0.193,4355.29,0,0,0
CUST-00452,0.0931,6620.88,0,0,0
CUST-00453,0.204,4931.58,0,0,0
CUST-00454,0.3802,5137.61,2,0,0
CUST-00455,0.0282,6912.33,0,0,0
CUST-00456,0.1275,5389.3,1,1,0
CUST-00457,0.0992,4625.74,2,1,0
CUST-00458,0.1672,5369.81,0,0,0
CUST-00459,0.0787,4498.97,1,0,0
CUST-00460,0.0983,6584.67,0,0,0
CUST-00461,0.2456,3419.8,1,1,0
CUST-00462,0.1638,3893.01,2,0,0
CUST-00463,0.1347,5250.4,0,0,0
CUST-00464,0.0404,5128.52,1,0,0
CUST-00465,0.2445,5467.52,1,0,0
CUST-00466,0.4359,6239.22,0,0,1
CUST-00467,0.6589,3958.1,2,0,0
CUST-00468,0.3928,3054.2,2,0,0
CUST-00469,0.0539,6549.52,0,0,0
CUST-00470,0.1163,4979.08,2,0,0
CUST-00471,0.1022,7115.47,0,0,0
CUST-00472,0.0804,6897.86,0,0,0
CUST-00473,0.1208,6698.25,0,0,0
CUST-00474,0.227,4850.0,0,0,0
CUST-00475,0.2207,5617.9,0,0,0
CUST-00476,0.4755,4809.34,2,0,0
CUST-00477,0.4787,6542.89,0,0,1
CUST-00478,0.4071,5282.08,1,0,0
CUST-00479,0.1551,3887.61,2,0,0
CUST-00480,0.0516,6515.12,0,0,0
CUST-00481,0.177,5083.85,2,0,0
CUST-00482,0.1412,5071.79,0,0,0
CUST-00483,0.1268,4780.2,0,0,0
CUST-00484,0.1094,4165.05,1,0,0
CUST-00485,0.1559,4995.2,2,0,0
CUST-00486,0.172,7106.21,0,0,0
CUST-00487,0.5803,4191.79,0,1,0
CUST-00488,0.0232,6380.02,1,0,0
CUST-00489,0.7651,5716.4,0,0,1
CUST-00490,0.3508,4445.08,2,0,0
CUST-00491,0.0346,6736.21,0,0,0
CUST-00492,0.0449,5082.66,2,0,0
CUST-00493,0.1098,3323.46,2,0,0
CUST-00494,0.1478,4416.13,2,0,0
CUST-00495,0.1423,5169.0,0,0,0
CUST-00496,0.5751,4900.17,2,0,0
CUST-00497,0.0442,4144.14,2,0,0
CUST-00498,0.1263,7535.42,0,0,0
CUST-00499,0.0771,4091.94,2,0,0
CUST-00500,0.0193,4256.64,2,1,0
CUST-00501,0.25,5612.32,0,0,0
CUST-00502,0.038,6012.52,1,0,0
CUST-00503,0.2192,3158.94,2,1,0
CUST-00504,0.0759,6043.25,0,0,0
CUST-00505,0.1961,4281.94,2,0,0
CUST-00506,0.0348,3907.55,2,0,0
CUST-00507,0.0558,5632.85,2,0,0
CUST-00508,0.0555,5356.7,2,0,0
CUST-00509,0.0697,5453.01,2,0,0
CUST-00510,0.2525,5550.01,0,0,0
CUST-00511,0.1336,5669.09,0,0,0
CUST-00512,0.0647,3799.41,2,0,0
CUST-00513,0.0576,5703.25,1,0,0
CUST-00514,0.0422,4920.36,2,0,0
CUST-00515,0.1749,2981.44,2,0,0
CUST-00516,0.0964,4113.63,2,0,0
CUST-00517,0.042,3730.96,2,0,0
CUST-00518,0.0345,7742.52,0,0,0
CUST-00519,0.112,3278.55,2,0,0
CUST-00520,0.1211,5165.01,0,0,0
CUST-00521,0.047,5031.69,2,0,0
CUST-00522,0.2269,6843.13,0,0,0
CUST-00523,0.4255,5752.73,0,0,1
CUST-00524,0.2686,5640.47,0,0,0
CUST-00525,0.363,5095.95,2,0,0
CUST-00526,0.1883,5907.32,0,0,0
CUST-00527,0.0529,5525.74,2,0,0
CUST-00528,0.3043,6634.41,0,0,0
CUST-00529,0.0495,5392.38,0,0,0
CUST-00530,0.063,5029.76,2,0,0
CUST-00531,0.6115,4056.07,1,1,0
CUST-00532,0.1699,4862.46,0,0,0
CUST-00533,0.1626,5695.65,0,0,0
CUST-00534,0.1062,4886.28,1,0,0
CUST-00535,0.0151,5381.91,2,0,0
CUST-00536,0.6289,6003.43,1,0,1
CUST-00537,0.0618,4229.42,2,0,0
CUST-00538,0.072,4052.06,2,0,0
CUST-00539,0.188,3218.26,2,0,0
CUST-00540,0.2397,3648.5,2,0,0
CUST-00541,0.6315,5859.74,1,0,1
CUST-00542,0.0283,6833.11,0,0,0
CUST-00543,0.0455,8043.78,0,0,0
CUST-00544,0.185,5144.81,0,0,0
CUST-00545,0.0274,5734.66,0,0,0
CUST-00546,0.0836,5924.1,1,0,0
CUST-00547,0.6405,5273.78,1,0,0
CUST-00548,0.1487,7501.47,0,0,0
CUST-00549,0.2779,5241.68,0,0,0
CUST-00550,0.1334,5452.21,0,0,0
CUST-00551,0.0209,6576.3,0,0,0
CUST-00552,0.2473,4793.58,0,0,0
CUST-00553,0.5697,5516.57,0,0,1
CUST-00554,0.0526,6542.77,1,1,0
CUST-00555,0.214,7213.28,0,0,0
CUST-00556,0.0251,4670.34,2,0,0
CUST-00557,0.6841,4576.8,2,0,0
CUST-00558,0.3806,4332.06,1,0,0
CUST-00559,0.2038,4251.17,2,0,0
CUST-00560,0.4709,3715.26,2,0,0
CUST-00561,0.6782,4105.46,2,0,0
CUST-00562,0.059,7125.97,0,0,0
CUST-00563,0.0412,7759.05,0,0,0
CUST-00564,0.0286,5048.1,2,0,0
CUST-00565,0.3727,4318.84,1,0,0
CUST-00566,0.0941,7879.51,0,0,0
CUST-00567,0.4734,5532.74,0,0,1
CUST-00568,0.0913,10510.87,0,0,0
CUST-00569,0.0458,6400.18,1,0,0
CUST-00570,0.1462,8179.16,1,1,0
CUST-00571,0.2517,7243.23,0,0,0
CUST-00572,0.0338,2981.84,2,0,0
CUST-00573,0.2057,7071.14,0,0,0
CUST-00574,0.4989,6264.24,0,0,1
CUST-00575,0.5039,3314.24,2,0,0
CUST-00576,0.1409,5562.9,0,0,0
CUST-00577,0.4086,5268.74,0,0,0
CUST-00578,0.0288,6517.82,1,0,0
CUST-00579,0.3405,6779.72,0,0,0
CUST-00580,0.0801,5071.12,2,0,0
CUST-00581,0.5151,2317.53,2,0,0
CUST-00582,0.1076,6211.3,0,0,0
CUST-00583,0.1987,6559.49,0,0,0
CUST-00584,0.3893,3738.25,2,0,0
CUST-00585,0.5741,4814.37,2,0,0
CUST-00586,0.2647,5191.96,1,0,0
CUST-00587,0.066,4189.8,1,0,0
CUST-00588,0.1529,4507.04,2,0,0
CUST-00589,0.176,5828.88,0,0,0
CUST-00590,0.118,5745.68,0,0,0
CUST-00591,0.2088,6657.49,0,0,0
CUST-00592,0.1986,3714.88,2,1,0
CUST-00593,0.1932,3263.38,2,0,0
CUST-00594,0.1106,4316.13,2,0,0
CUST-00595,0.0532,5464.99,0,0,0
CUST-00596,0.0435,6154.93,0,0,0
CUST-00597,0.1801,4218.12,2,0,0
CUST-00598,0.591,3776.1,2,0,0
CUST-00599,0.065,4088.79,2,0,0
CUST-00600,0.2663,4949.62,2,0,0
CUST-00601,0.2732,7042.37,0,0,0
CUST-00602,0.0513,7554.08,1,0,0
CUST-00603,0.1438,4552.15,1,0,0
CUST-00604,0.1297,6290.26,0,0,0
CUST-00605,0.2572,4420.77,2,0,0
CUST-00606,0.1602,5847.7,0,0,0
CUST-00607,0.0291,4049.5,2,0,0
CUST-00608,0.2541,5166.91,0,0,0
CUST-00609,0.1956,8001.68,0,1,0
CUST-00610,0.4944,3630.52,1,0,0
CUST-00611,0.2145,6577.54,0,0,0
CUST-00612,0.471,3340.95,2,0,0
CUST-00613,0.315,5627.26,0,0,0
CUST-00614,0.0834,3872.07,2,0,0
CUST-00615,0.3049,5595.42,0,0,0
CUST-00616,0.0144,7543.56,0,0,0
CUST-00617,0.1069,5535.95,0,0,0
CUST-00618,0.1867,4764.26,2,0,0
CUST-00619,0.0693,9105.09,0,1,0
CUST-00620,0.1216,4891.88,2,0,0
CUST-00621,0.0598,5679.55,1,0,0
CUST-00622,0.0132,6362.5,0,0,0
CUST-00623,0.1031,6697.02,0,0,0
CUST-00624,0.2631,4249.62,1,0,0
CUST-00625,0.0489,5749.28,2,0,0
CUST-00626,0.2975,4787.81,2,0,0
CUST-00627,0.0836,3599.3,2,0,0
CUST-00628,0.1508,7426.58,0,0,0
CUST-00629,0.2913,4065.7,1,0,0
CUST-00630,0.2573,5733.77,2,0,0
CUST-00631,0.0194,8071.76,0,0,0
CUST-00632,0.0846,9499.43,0,1,0
CUST-00633,0.053,6723.79,0,0,0
CUST-00634,0.0767,5274.14,1,0,0
CUST-00635,0.4131,6600.74,0,0,1
CUST-00636,0.064,6183.6,0,0,0
CUST-00637,0.0827,4573.66,2,0,0
CUST-00638,0.0246,4644.79,2,0,0
CUST-00639,0.0416,5005.95,2,0,0
CUST-00640,0.0604,5151.19,1,0,0
CUST-00641,0.2036,3860.49,2,0,0
CUST-00642,0.0506,4774.02,2,0,0
CUST-00643,0.2348,3842.66,2,0,0
CUST-00644,0.2608,3382.44,2,0,0
CUST-00645,0.1624,5862.15,0,0,0
CUST-00646,0.0262,5335.16,2,0,0
CUST-00647,0.0315,5475.24,0,0,0
CUST-00648,0.0745,4269.32,2,0,0
CUST-00649,0.1886,4273.96,2,0,0
CUST-00650,0.1289,3928.43,2,0,0
CUST-00651,0.1586,4112.31,2,0,0
CUST-00652,0.2176,3914.17,2,0,0
CUST-00653,0.0298,5589.28,0,0,0
CUST-00654,0.0701,4880.96,1,0,0
CUST-00655,0.2253,5565.15,0,0,0
CUST-00656,0.1103,1937.78,2,0,0
CUST-00657,0.2831,4933.33,1,0,0
CUST-00658,0.0147,5441.0,2,0,0
CUST-00659,0.1548,4994.94,0,0,0
CUST-00660,0.0849,5260.91,0,0,0
CUST-00661,0.4328,4350.48,1,0,0
CUST-00662,0.1996,4963.79,2,0,0
CUST-00663,0.1152,8389.42,0,0,0
CUST-00664,0.1223,8289.7,0,0,0
CUST-00665,0.0287,4980.73,2,0,0
CUST-00666,0.068,4768.91,2,0,0
CUST-00667,0.2702,5203.73,1,0,0
CUST-00668,0.2965,5362.71,1,0,0
CUST-00669,0.1618,4913.27,2,0,0
CUST-00670,0.3768,3484.2,2,0,0
CUST-00671,0.1498,5373.72,1,0,0
CUST-00672,0.5353,3248.15,1,0,0
CUST-00673,0.212,4392.01,2,0,0
CUST-00674,0.2191,5071.68,0,0,0
CUST-00675,0.0248,5475.12,2,0,0
CUST-00676,0.2134,7094.4,0,0,0
CUST-00677,0.0943,4601.85,2,0,0
CUST-00678,0.6544,5831.82,0,0,1
CUST-00679,0.0692,8286.75,1,0,0
CUST-00680,0.1546,5426.28,2,0,0
CUST-00681,0.0663,8110.93,0,0,0
CUST-00682,0.3344,5258.75,0,0,0
CUST-00683,0.2789,2969.82,2,0,0
CUST-00684,0.1713,6770.66,0,0,0
CUST-00685,0.1291,5630.59,0,0,0
CUST-00686,0.4641,4182.36,2,0,0
CUST-00687,0.3006,3177.67,2,0,0
CUST-00688,0.4035,5327.3,0,0,1
CUST-00689,0.083,3783.69,2,1,0
CUST-00690,0.1797,4494.38,1,0,0
CUST-00691,0.168,4943.12,2,0,0
CUST-00692,0.0423,6302.74,0,0,0
CUST-00693,0.1255,3859.56,2,0,0
CUST-00694,0.2965,5774.98,1,0,0
CUST-00695,0.0627,5645.18,2,0,0
CUST-00696,0.1658,3479.04,2,0,0
CUST-00697,0.029,4468.37,2,0,0
CUST-00698,0.0767,5702.31,0,0,0
CUST-00699,0.1201,4880.21,1,0,0
CUST-00700,0.0394,7198.42,0,0,0
CUST-00701,0.6857,2413.57,2,1,0
CUST-00702,0.031,5589.73,2,0,0
CUST-00703,0.0812,6064.15,0,0,0
CUST-00704,0.0659,5186.65,1,0,0
CUST-00705,0.1955,2944.56,2,0,0
CUST-00706,0.1901,5515.97,1,0,0
CUST-00707,0.1804,4778.44,2,0,0
CUST-00708,0.0458,7517.67,1,0,0
CUST-00709,0.5455,5850.1,1,1,1
CUST-00710,0.1832,4055.42,2,0,0
CUST-00711,0.0228,7395.61,0,0,0
CUST-00712,0.6191,3919.94,2,0,0
CUST-00713,0.0395,5304.43,1,0,0
CUST-00714,0.0585,2659.98,2,0,0
CUST-00715,0.1478,4700.32,2,0,0
CUST-00716,0.1499,4736.19,2,0,0
CUST-00717,0.1907,3946.75,2,0,0
CUST-00718,0.2403,5984.35,0,0,0
CUST-00719,0.2235,4896.05,1,0,0
CUST-00720,0.2103,3690.7,2,0,0
CUST-00721,0.5739,4472.85,0,0,0
CUST-00722,0.04,5711.8,2,0,0
CUST-00723,0.635,6469.7,0,0,1
CUST-00724,0.6855,4567.88,1,1,0
CUST-00725,0.287,4557.33,0,0,0
CUST-00726,0.4275,4757.22,1,0,0
CUST-00727,0.0349,6973.61,0,0,0
CUST-00728,0.2554,3888.52,2,0,0
CUST-00729,0.0345,4089.56,2,0,0
CUST-00730,0.0473,7683.08,0,0,0
CUST-00731,0.0373,5103.7,2,0,0
CUST-00732,0.0335,5126.88,1,0,0
CUST-00733,0.0838,5191.92,0,0,0
CUST-00734,0.0085,6190.55,2,0,0
CUST-00735,0.0914,3385.69,1,1,0
CUST-00736,0.0556,4261.88,2,0,0
CUST-00737,0.3514,4591.74,1,0,0
CUST-00738,0.1505,6209.72,0,0,0
CUST-00739,0.0699,4711.9,2,0,0
CUST-00740,0.2114,5620.66,0,0,0
CUST-00741,0.0625,5489.92,0,0,0
CUST-00742,0.1033,4757.18,2,0,0
CUST-00743,0.3615,5787.51,0,0,0
CUST-00744,0.2726,5061.98,1,0,0
CUST-00745,0.25,5391.86,1,0,0
CUST-00746,0.2895,3335.78,2,0,0
CUST-00747,0.036,5508.96,2,0,0
CUST-00748,0.0516,6704.58,0,0,0
CUST-00749,0.0733,2816.86,2,0,0
CUST-00750,0.0716,4568.83,2,0,0
CUST-00751,0.1,3732.5,2,0,0
CUST-00752,0.0944,5769.48,0,0,0
CUST-00753,0.1036,7409.61,0,0,0
CUST-00754,0.1292,9116.53,0,0,0
CUST-00755,0.046,6431.82,0,0,0
CUST-00756,0.1448,4517.11,2,0,0
CUST-00757,0.0334,4997.76,2,0,0
CUST-00758,0.1469,4989.11,0,0,0
CUST-00759,0.2628,5764.99,0,0,0
CUST-00760,0.0935,4796.32,2,0,0
CUST-00761,0.1241,8139.85,0,0,0
CUST-00762,0.1452,5432.86,0,0,0
CUST-00763,0.336,4797.83,0,0,0
CUST-00764,0.0503,5857.56,2,0,0
CUST-00765,0.6123,4198.93,2,0,0
CUST-00766,0.1758,4406.74,2,0,0
CUST-00767,0.0654,3949.75,2,0,0
CUST-00768,0.0253,6192.09,1,0,0
CUST-00769,0.2963,4014.7,2,0,0
CUST-00770,0.2028,6144.01,1,1,0
CUST-00771,0.1903,4166.01,2,0,0
CUST-00772,0.1958,5548.28,1,0,0
CUST-00773,0.1729,6150.54,1,0,0
CUST-00774,0.0438,3574.05,2,0,0
CUST-00775,0.2481,3275.7,2,0,0
CUST-00776,0.1557,3907.23,2,0,0
CUST-00777,0.186,4585.21,2,0,0
CUST-00778,0.1739,3970.11,2,0,0
CUST-00779,0.5822,3702.18,2,0,0
CUST-00780,0.2194,5400.42,1,0,0
CUST-00781,0.0587,4374.48,1,0,0
CUST-00782,0.0814,3259.28,2,0,0
CUST-00783,0.0577,6376.68,0,0,0
CUST-00784,0.1451,3908.85,2,0,0
CUST-00785,0.0476,6306.25,1,0,0
CUST-00786,0.0842,7312.57,1,0,0
CUST-00787,0.2926,4225.71,2,0,0
CUST-00788,0.1322,5726.83,0,0,0
CUST-00789,0.0546,5841.67,0,0,0
CUST-00790,0.1626,5385.06,0,0,0
CUST-00791,0.5457,3664.74,1,0,0
CUST-00792,0.1406,4842.93,2,0,0
CUST-00793,0.1137,5151.09,1,0,0
CUST-00794,0.264,5835.69,0,0,0
CUST-00795,0.2258,4393.09,0,0,0
CUST-00796,0.1371,4449.51,2,0,0
CUST-00797,0.0705,5562.26,2,0,0
CUST-00798,0.1601,3604.55,2,0,0
CUST-00799,0.0381,8308.78,0,0,0
CUST-00800,0.1429,6576.15,1,0,0
CUST-00801,0.206,3698.65,2,0,0
CUST-00802,0.1583,3746.29,2,0,0
CUST-00803,0.1676,8423.44,0,1,0
CUST-00804,0.3158,4439.45,2,0,0
CUST-00805,0.3552,6094.12,0,0,0
CUST-00806,0.2069,5365.95,0,0,0
CUST-00807,0.2069,4612.65,0,0,0
CUST-00808,0.1665,6157.16,1,0,0
CUST-00809,0.5749,4569.83,2,0,0
CUST-00810,0.2644,6674.55,0,0,0
CUST-00811,0.3567,5120.91,2,0,0
CUST-00812,0.0212,6088.05,2,0,0
CUST-00813,0.2607,5518.91,2,0,0
CUST-00814,0.1087,7319.5,0,0,0
CUST-00815,0.0336,5704.12,0,0,0
CUST-00816,0.0848,6559.02,1,0,0
CUST-00817,0.5016,3402.38,2,0,0
CUST-00818,0.0866,7150.67,0,0,0
CUST-00819,0.2175,3137.9,2,0,0
CUST-00820,0.0625,2959.51,2,0,0
CUST-00821,0.2184,7314.96,0,1,0
CUST-00822,0.0872,7354.43,0,1,0
CUST-00823,0.1897,5707.63,0,0,0
CUST-00824,0.3132,7081.21,0,0,0
CUST-00825,0.162,5331.38,0,0,0
CUST-00826,0.1188,4480.35,2,0,0
CUST-00827,0.5334,4524.62,1,0,0
CUST-00828,0.0928,5387.25,1,0,0
CUST-00829,0.0227,6768.38,0,0,0
CUST-00830,0.2818,5369.94,0,0,0
CUST-00831,0.4492,3627.9,2,0,0
CUST-00832,0.0606,6192.63,1,0,0
CUST-00833,0.069,3850.0,2,0,0
CUST-00834,0.3215,2844.22,2,1,0
CUST-00835,0.3248,6377.04,1,0,0
CUST-00836,0.2563,4127.92,1,0,0
CUST-00837,0.3283,4782.41,1,0,0
CUST-00838,0.0566,5442.35,1,0,0
CUST-00839,0.0803,5611.87,2,0,0
CUST-00840,0.097,3392.07,2,0,0
CUST-00841,0.2573,4806.46,2,0,0
CUST-00842,0.2977,3967.13,2,1,0
CUST-00843,0.0208,7341.69,1,0,0
CUST-00844,0.3107,5771.9,0,0,0
CUST-00845,0.1809,3774.84,2,0,0
CUST-00846,0.0774,5226.49,2,1,0
CUST-00847,0.0295,4857.48,2,0,0
CUST-00848,0.4964,4958.06,1,0,0
CUST-00849,0.2539,3404.65,2,0,0
CUST-00850,0.1537,5588.01,1,0,0
CUST-00851,0.037,4735.8,2,0,0
CUST-00852,0.1309,4893.18,1,0,0
CUST-00853,0.1745,5642.1,0,0,0
CUST-00854,0.0183,5105.54,2,0,0
CUST-00855,0.1267,6317.49,0,0,0
CUST-00856,0.1641,4831.38,2,0,0
CUST-00857,0.1028,5906.53,2,0,0
CUST-00858,0.4045,4715.23,0,0,0
CUST-00859,0.0224,7600.5,1,0,0
CUST-00860,0.0535,5316.0,2,0,0
CUST-00861,0.0778,4945.31,2,0,0
CUST-00862,0.1421,8573.15,0,0,0
CUST-00863,0.0703,6502.4,1,0,0
CUST-00864,0.0848,7106.04,0,0,0
CUST-00865,0.0828,8008.78,0,0,0
CUST-00866,0.2744,4664.18,2,0,0
CUST-00867,0.1923,4760.61,0,0,0
CUST-00868,0.2742,5809.08,1,0,0
CUST-00869,0.1983,4801.49,0,0,0
CUST-00870,0.1803,5062.35,0,0,0
CUST-00871,0.16,5260.36,0,1,0
CUST-00872,0.2433,4741.69,1,0,0
CUST-00873,0.1147,4518.01,1,1,0
CUST-00874,0.0447,5006.6,2,0,0
CUST-00875,0.0968,8108.16,0,0,0
CUST-00876,0.1597,3307.25,2,0,0
CUST-00877,0.0639,5045.09,0,0,0
CUST-00878,0.0246,5897.1,2,0,0
CUST-00879,0.2872,5692.63,1,0,0
CUST-00880,0.0398,5275.48,1,0,0
CUST-00881,0.1853,5378.62,1,0,0
CUST-00882,0.5103,5553.66,0,0,1
CUST-00883,0.2574,6055.17,2,0,0
CUST-00884,0.0477,5152.92,2,0,0
CUST-00885,0.2736,7229.34,1,0,0
CUST-00886,0.0616,8871.22,0,0,0
CUST-00887,0.0998,5084.25,2,0,0
CUST-00888,0.6061,5224.38,0,0,0
CUST-00889,0.0689,4986.7,2,0,0
CUST-00890,0.1016,5502.27,0,0,0
CUST-00891,0.2072,4899.86,0,0,0
CUST-00892,0.0582,8143.7,0,1,0
CUST-00893,0.1953,7513.88,0,0,0
CUST-00894,0.0552,6579.55,0,0,0
CUST-00895,0.0953,4114.96,1,0,0
CUST-00896,0.4162,5292.01,0,0,0
CUST-00897,0.5188,3604.72,2,0,0
CUST-00898,0.4249,3658.58,2,0,0
CUST-00899,0.1502,5503.21,0,0,0
CUST-00900,0.1782,4820.09,2,0,0
CUST-00901,0.2838,5453.2,0,0,0
CUST-00902,0.5378,8447.86,0,1,1
CUST-00903,0.1587,5016.88,2,0,0
CUST-00904,0.043,6704.08,0,0,0
CUST-00905,0.0637,5158.42,1,0,0
CUST-00906,0.0621,7018.5,0,0,0
CUST-00907,0.1075,7122.51,0,0,0
CUST-00908,0.024,7792.95,0,0,0
CUST-00909,0.0536,7007.71,0,0,0
CUST-00910,0.43,4607.65,2,0,0
CUST-00911,0.1503,3625.78,2,0,0
CUST-00912,0.5797,5838.09,0,0,1
CUST-00913,0.0303,5580.89,0,0,0
CUST-00914,0.1852,4995.52,2,1,0
CUST-00915,0.1768,3266.15,1,1,0
CUST-00916,0.0672,4522.35,2,0,0
CUST-00917,0.194,2970.15,2,0,0
CUST-00918,0.4248,4562.28,0,0,0
CUST-00919,0.0567,4880.73,2,0,0
CUST-00920,0.0452,8552.29,0,0,0
CUST-00921,0.0448,6267.94,0,0,0
CUST-00922,0.2044,4424.59,2,0,0
CUST-00923,0.1986,3227.24,2,0,0
CUST-00924,0.1125,4305.43,2,0,0
CUST-00925,0.287,3585.82,2,0,0
CUST-00926,0.1814,6355.82,0,0,0
CUST-00927,0.0221,7332.4,1,0,0
CUST-00928,0.1064,6317.78,0,0,0
CUST-00929,0.1593,8122.97,0,0,0
CUST-00930,0.1812,4330.81,1,0,0
CUST-00931,0.38,5716.64,0,1,0
CUST-00932,0.1907,4859.0,0,0,0
CUST-00933,0.0289,5560.19,2,0,0
CUST-00934,0.1736,3848.12,2,0,0
CUST-00935,0.4312,8190.81,1,0,1
CUST-00936,0.168,4768.56,1,0,0
CUST-00937,0.1385,3689.7,2,0,0
CUST-00938,0.0573,4455.18,2,0,0
CUST-00939,0.1073,3007.11,2,0,0
CUST-00940,0.207,4730.52,1,0,0
CUST-00941,0.0306,5016.99,2,0,0
CUST-00942,0.548,2363.2,2,0,0
CUST-00943,0.0917,4188.19,1,0,0
CUST-00944,0.1756,4426.92,1,0,0
CUST-00945,0.1756,6588.96,0,0,0
CUST-00946,0.279,5534.06,0,0,0
CUST-00947,0.2816,5472.42,2,0,0
CUST-00948,0.0138,5184.8,1,0,0
CUST-00949,0.1466,6858.98,0,0,0
CUST-00950,0.1064,6181.86,0,0,0
CUST-00951,0.1924,5261.73,2,0,0
CUST-00952,0.1936,3545.51,2,0,0
CUST-00953,0.1297,5024.41,0,0,0
CUST-00954,0.293,5553.73,1,0,0
CUST-00955,0.0979,4252.12,2,0,0
CUST-00956,0.077,4936.09,0,0,0
CUST-00957,0.1157,7306.34,0,0,0
CUST-00958,0.1237,7050.52,0,0,0
CUST-00959,0.1069,7210.24,0,0,0
CUST-00960,0.1961,5022.95,0,0,0
CUST-00961,0.2815,5624.72,0,0,0
CUST-00962,0.0322,4019.79,2,0,0
CUST-00963,0.1617,3948.73,2,0,0
CUST-00964,0.1007,4787.19,2,0,0
CUST-00965,0.0556,4473.27,2,0,0
CUST-00966,0.4988,7032.68,0,1,1
CUST-00967,0.61,4348.82,1,0,0
CUST-00968,0.4281,4791.97,0,0,0
CUST-00969,0.2256,2775.47,2,0,0
CUST-00970,0.345,3810.97,2,0,0
CUST-00971,0.0533,4066.51,2,0,0
CUST-00972,0.0419,5564.12,2,0,0
CUST-00973,0.1091,7613.59,0,0,0
CUST-00974,0.0385,6135.8,2,0,0
CUST-00975,0.0694,5416.21,0,0,0
CUST-00976,0.1847,3170.87,2,0,0
CUST-00977,0.2193,5554.36,0,0,0
CUST-00978,0.0426,7784.5,0,0,0
CUST-00979,0.0681,6107.99,0,0,0
CUST-00980,0.2075,5949.09,1,0,0
CUST-00981,0.0541,6557.98,1,0,0
CUST-00982,0.2239,4156.78,1,1,0
CUST-00983,0.1654,6876.72,1,0,0
CUST-00984,0.0318,6974.85,1,0,0
CUST-00985,0.09,4724.78,0,0,0
CUST-00986,0.1768,6623.79,1,0,0
CUST-00987,0.5389,4701.0,1,1,0
CUST-00988,0.0787,6367.51,1,0,0
CUST-00989,0.4971,3369.38,2,0,0
CUST-00990,0.0291,5808.98,1,0,0
CUST-00991,0.1609,4404.46,2,0,0
CUST-00992,0.0413,6996.66,0,0,0
CUST-00993,0.2097,5644.9,0,0,0
CUST-00994,0.0131,5193.03,2,0,0
CUST-00995,0.0357,3713.55,2,0,0
CUST-00996,0.7188,5822.09,1,1,1
CUST-00997,0.4893,5940.68,0,0,1
CUST-00998,0.3238,4038.29,2,0,0
CUST-00999,0.0485,4520.91,2,0,0
CUST-01000,0.1792,5509.7,2,1,0
CUST-01001,0.0489,3331.01,2,0,0
CUST-01002,0.0371,5826.92,2,0,0
CUST-01003,0.2184,4544.19,2,0,0
CUST-01004,0.0443,4633.24,2,0,0
CUST-01005,0.0975,4352.41,2,0,0
CUST-01006,0.453,8241.33,0,0,1
CUST-01007,0.5033,3994.96,1,1,0
CUST-01008,0.0566,7735.17,0,1,0
CUST-01009,0.3006,6516.25,0,0,0
CUST-01010,0.3655,3491.38,2,0,0
CUST-01011,0.1165,2629.15,2,0,0
CUST-01012,0.0453,7672.12,0,0,0
CUST-01013,0.1612,3554.19,2,0,0
CUST-01014,0.3319,4944.52,0,0,0
CUST-01015,0.196,4174.95,2,1,0
CUST-01016,0.1441,3798.63,2,0,0
CUST-01017,0.0259,7645.21,0,0,0
CUST-01018,0.0798,9461.79,0,0,0
CUST-01019,0.0325,4794.21,2,0,0
CUST-01020,0.0597,4972.28,2,0,0
CUST-01021,0.6718,5776.67,1,0,1
CUST-01022,0.1657,3813.9,2,0,0
CUST-01023,0.0744,6629.68,0,0,0
CUST-01024,0.015,5790.18,0,0,0
CUST-01025,0.1766,7242.6,0,0,0
CUST-01026,0.0628,8122.0,0,0,0
CUST-01027,0.4602,4889.05,0,0,0
CUST-01028,0.3245,3543.85,2,0,0
CUST-01029,0.3069,5946.86,0,0,0
CUST-01030,0.0709,4567.69,2,0,0
CUST-01031,0.0183,5560.07,2,0,0
CUST-01032,0.2103,4544.15,1,0,0
CUST-01033,0.0356,5376.94,1,0,0
CUST-01034,0.0494,6114.06,0,0,0
CUST-01035,0.1677,4178.64,2,0,0
CUST-01036,0.0195,7997.6,1,0,0
CUST-01037,0.0923,2966.05,2,0,0
CUST-01038,0.3003,3689.53,2,0,0
CUST-01039,0.231,7059.01,0,0,0
CUST-01040,0.1141,7817.29,0,1,0
CUST-01041,0.1092,6234.49,0,0,0
CUST-01042,0.1908,6571.07,0,0,0
CUST-01043,0.2393,4525.77,2,0,0
CUST-01044,0.1109,4718.7,2,0,0
CUST-01045,0.0917,5023.77,2,0,0
CUST-01046,0.3409,4904.83,1,0,0
CUST-01047,0.1966,3523.35,2,0,0
CUST-01048,0.1688,4658.1,2,0,0
CUST-01049,0.0186,7285.04,0,0,0
CUST-01050,0.0586,7517.65,1,0,0
CUST-01051,0.1171,4244.12,2,0,0
CUST-01052,0.4031,4478.16,2,0,0
CUST-01053,0.034,3913.07,2,0,0
CUST-01054,0.0798,6107.63,2,0,0
CUST-01055,0.1804,3991.46,2,0,0
CUST-01056,0.1115,7916.31,0,0,0
CUST-01057,0.0139,5193.73,2,0,0
CUST-01058,0.4342,6449.61,0,0,1
CUST-01059,0.521,4016.41,1,0,0
CUST-01060,0.331,3103.05,2,0,0
CUST-01061,0.2649,3263.47,2,0,0
CUST-01062,0.0623,6501.98,0,0,0
CUST-01063,0.1243,6448.04,0,0,0
CUST-01064,0.5093,6461.27,0,0,1
CUST-01065,0.0498,7367.48,0,0,0
CUST-01066,0.1189,3694.87,2,0,0
CUST-01067,0.0721,7951.62,0,0,0
CUST-01068,0.0855,3789.22,1,0,0
CUST-01069,0.0079,6294.7,0,0,0
CUST-01070,0.1627,5944.69,2,0,0
CUST-01071,0.0166,6479.33,0,0,0
CUST-01072,0.0599,5446.76,1,1,0
CUST-01073,0.6021,5387.77,0,0,1
CUST-01074,0.0773,4409.72,2,0,0
CUST-01075,0.0889,4820.51,1,0,0
CUST-01076,0.337,5131.77,0,0,0
CUST-01077,0.1373,7579.67,0,0,0
CUST-01078,0.2281,3506.23,2,0,0
CUST-01079,0.2282,4160.42,2,0,0
CUST-01080,0.0422,5950.24,2,0,0
CUST-01081,0.346,6564.66,0,0,0
CUST-01082,0.7671,5421.53,1,1,1
CUST-01083,0.1492,2880.27,2,0,0
CUST-01084,0.0278,4951.53,2,0,0
CUST-01085,0.0276,5651.9,2,0,0
CUST-01086,0.5987,7082.52,0,0,1
CUST-01087,0.1441,8345.19,0,0,0
CUST-01088,0.0316,5173.11,1,0,0
CUST-01089,0.1595,7521.02,0,0,0
CUST-01090,0.0939,6224.89,0,0,0
CUST-01091,0.0222,5189.62,2,0,0
CUST-01092,0.1416,5279.86,0,0,0
CUST-01093,0.2846,3800.83,2,0,0
CUST-01094,0.0457,5447.42,1,0,0
CUST-01095,0.2333,3481.33,2,0,0
CUST-01096,0.2777,4108.18,1,0,0
CUST-01097,0.2728,5625.08,1,0,0
CUST-01098,0.1845,6408.21,0,0,0
CUST-01099,0.0904,6136.15,1,0,0
CUST-01100,0.3518,4713.98,1,0,0
CUST-01101,0.0382,4054.57,2,0,0
CUST-01102,0.5252,6838.43,1,0,1
CUST-01103,0.6289,5491.29,1,0,1
CUST-01104,0.147,4824.12,2,0,0
CUST-01105,0.186,4286.66,2,0,0
CUST-01106,0.0944,4580.0,2,0,0
CUST-01107,0.1233,6502.9,0,0,0
CUST-01108,0.0328,4923.68,2,0,0
CUST-01109,0.2003,2311.33,2,0,0
CUST-01110,0.2256,7803.65,0,0,0
CUST-01111,0.0749,4868.65,2,0,0
CUST-01112,0.1856,4214.54,2,0,0
CUST-01113,0.1769,5410.26,1,0,0
CUST-01114,0.0348,4932.85,2,0,0
CUST-01115,0.1519,4000.18,2,0,0
CUST-01116,0.5999,2789.7,2,0,0
CUST-01117,0.0547,3995.41,2,0,0
CUST-01118,0.0875,7488.38,0,0,0
CUST-01119,0.0361,7970.9,0,0,0
CUST-01120,0.7065,4533.96,0,0,0
CUST-01121,0.4986,3539.53,2,0,0
CUST-01122,0.2402,3674.18,2,0,0
CUST-01123,0.0541,4638.97,2,0,0
CUST-01124,0.104,5533.7,0,0,0
CUST-01125,0.1021,6596.79,1,0,0
CUST-01126,0.0333,6331.89,1,0,0
CUST-01127,0.0723,6431.74,0,0,0
CUST-01128,0.3555,5948.54,0,0,0
CUST-01129,0.036,5713.89,2,0,0
CUST-01130,0.0861,4410.47,1,0,0
CUST-01131,0.2243,3471.01,2,0,0
CUST-01132,0.1502,5096.04,1,0,0
CUST-01133,0.107,3496.37,2,0,0
CUST-01134,0.1082,3357.06,2,0,0
CUST-01135,0.0719,5165.41,2,0,0
CUST-01136,0.1623,4438.99,2,0,0
CUST-01137,0.0498,5316.79,2,0,0
CUST-01138,0.082,6723.38,0,0,0
CUST-01139,0.0431,5735.44,1,0,0
CUST-01140,0.0311,4575.97,2,0,0
CUST-01141,0.0448,3289.93,2,0,0
CUST-01142,0.0973,4277.26,2,0,0
CUST-01143,0.1019,3516.37,2,0,0
CUST-01144,0.0379,6036.98,2,0,0
CUST-01145,0.1087,8634.06,0,0,0
CUST-01146,0.1582,5663.66,0,0,0
CUST-01147,0.0493,3830.1,2,0,0
CUST-01148,0.0132,5872.74,2,0,0
CUST-01149,0.2664,6968.49,0,0,0
CUST-01150,0.1394,7102.51,1,0,0
CUST-01151,0.0457,6400.54,0,0,0
CUST-01152,0.1131,4224.2,1,0,0
CUST-01153,0.6426,3427.66,2,0,0
CUST-01154,0.6338,5472.5,0,0,1
CUST-01155,0.1179,5404.65,2,0,0
CUST-01156,0.2421,5745.67,0,0,0
CUST-01157,0.0395,4995.56,2,0,0
CUST-01158,0.0425,3614.09,2,0,0
CUST-01159,0.0212,4676.86,2,0,0
CUST-01160,0.2425,5790.82,0,0,0
CUST-01161,0.2245,3669.05,2,0,0
CUST-01162,0.2592,5363.22,0,0,0
CUST-01163,0.6617,6437.61,1,0,1
CUST-01164,0.0722,5045.16,0,0,0
CUST-01165,0.2793,4047.34,1,0,0
CUST-01166,0.0875,4593.54,1,0,0
CUST-01167,0.1683,6366.06,1,0,0
CUST-01168,0.107,4410.27,2,0,0
CUST-01169,0.1635,4664.53,2,0,0
CUST-01170,0.0643,5814.7,2,0,0
CUST-01171,0.4076,3190.74,2,0,0
CUST-01172,0.1455,9726.32,0,1,0
CUST-01173,0.1441,6648.2,1,0,0
CUST-01174,0.1955,3124.57,2,0,0
CUST-01175,0.1828,7259.92,0,0,0
CUST-01176,0.0343,6100.74,2,0,0
CUST-01177,0.0953,5312.31,1,1,0
CUST-01178,0.2215,6300.59,0,0,0
CUST-01179,0.115,4119.23,2,0,0
CUST-01180,0.6141,3828.38,1,0,0
CUST-01181,0.1411,8253.64,0,0,0
CUST-01182,0.204,4894.91,2,0,0
CUST-01183,0.1187,5453.05,1,0,0
CUST-01184,0.2785,4827.72,0,0,0
CUST-01185,0.501,2555.22,2,0,0
CUST-01186,0.2333,4174.29,2,0,0
CUST-01187,0.1554,2566.21,2,0,0
CUST-01188,0.0429,6324.34,2,0,0
CUST-01189,0.2583,5864.14,0,0,0
CUST-01190,0.2394,3953.73,2,0,0
CUST-01191,0.1405,3231.32,2,0,0
CUST-01192,0.3454,5763.22,0,0,0
CUST-01193,0.1042,5941.85,2,0,0
CUST-01194,0.3397,2524.41,2,0,0
CUST-01195,0.1719,8665.69,0,1,0
CUST-01196,0.0281,7393.76,0,0,0
CUST-01197,0.0889,6023.88,2,0,0
CUST-01198,0.1391,6064.89,0,0,0
CUST-01199,0.2263,4337.08,2,0,0
CUST-01200,0.0326,5717.74,2,0,0
CUST-01201,0.1338,5351.82,0,0,0
CUST-01202,0.2023,9062.14,0,0,0
CUST-01203,0.2437,2373.63,2,0,0
CUST-01204,0.2045,6000.98,1,0,0
CUST-01205,0.2197,4694.94,1,0,0
CUST-01206,0.1249,6065.85,1,0,0
CUST-01207,0.0115,5570.43,2,0,0
CUST-01208,0.1061,5587.12,0,0,0
CUST-01209,0.1612,3688.51,2,0,0
CUST-01210,0.1188,4328.64,2,0,0
CUST-01211,0.035,3800.4,2,0,0
CUST-01212,0.1816,4096.34,2,0,0
CUST-01213,0.158,3981.93,2,0,0
CUST-01214,0.2186,7096.28,0,0,0
CUST-01215,0.4845,5699.29,2,1,1
CUST-01216,0.0636,7348.3,0,0,0
CUST-01217,0.0932,5288.59,1,0,0
CUST-01218,0.0372,5247.62,1,0,0
CUST-01219,0.1617,3710.28,2,0,0
CUST-01220,0.1443,5070.68,0,0,0
CUST-01221,0.0333,5583.11,1,0,0
CUST-01222,0.111,3346.75,2,0,0
CUST-01223,0.0478,6961.98,1,0,0
CUST-01224,0.1037,4155.59,2,0,0
CUST-01225,0.1362,5536.46,0,0,0
CUST-01226,0.1782,5708.99,1,0,0
CUST-01227,0.0698,4945.86,2,0,0
CUST-01228,0.0356,3954.56,2,0,0
CUST-01229,0.1428,3065.28,2,0,0
CUST-01230,0.4768,3118.23,2,0,0
CUST-01231,0.2431,5506.3,0,0,0
CUST-01232,0.2706,6096.17,0,0,0
CUST-01233,0.525,6738.38,1,1,1
CUST-01234,0.1008,4903.56,2,0,0
CUST-01235,0.1173,5389.16,0,0,0
CUST-01236,0.2349,5750.02,0,0,0
CUST-01237,0.3556,6523.89,1,0,0
CUST-01238,0.1221,6017.53,0,0,0
CUST-01239,0.1143,6108.67,0,0,0
CUST-01240,0.1289,5451.26,1,0,0
CUST-01241,0.0411,6601.17,1,0,0
CUST-01242,0.0612,6389.79,0,0,0
CUST-01243,0.143,3963.0,2,0,0
CUST-01244,0.0481,3969.04,2,0,0
CUST-01245,0.0282,5975.23,1,0,0
CUST-01246,0.0296,5961.26,1,0,0
CUST-01247,0.0274,8314.42,0,0,0
CUST-01248,0.1826,5421.51,1,0,0
CUST-01249,0.0162,5038.35,2,0,0
CUST-01250,0.0866,4916.95,2,0,0
CUST-01251,0.0281,6333.12,2,0,0
CUST-01252,0.0671,5779.41,2,0,0
CUST-01253,0.0848,3765.15,2,1,0
CUST-01254,0.4085,5882.58,0,0,1
CUST-01255,0.1372,4240.29,1,0,0
CUST-01256,0.0776,6702.58,0,0,0
CUST-01257,0.0331,5623.74,2,0,0
CUST-01258,0.037,4580.59,2,0,0
CUST-01259,0.1804,4648.15,2,0,0
CUST-01260,0.4383,3202.28,2,0,0
CUST-01261,0.19,6800.1,0,0,0
CUST-01262,0.0498,4948.52,2,0,0
CUST-01263,0.0638,3498.59,2,0,0
CUST-01264,0.0723,5479.95,2,0,0
CUST-01265,0.0347,8580.02,0,0,0
CUST-01266,0.0762,6363.85,0,0,0
CUST-01267,0.2262,6956.89,0,0,0
CUST-01268,0.2138,7682.31,1,0,0
CUST-01269,0.1316,6134.99,1,0,0
CUST-01270,0.126,7553.34,1,0,0
CUST-01271,0.0643,6099.38,1,0,0
CUST-01272,0.0403,6077.61,2,1,0
CUST-01273,0.1635,3635.99,2,0,0
CUST-01274,0.089,4982.43,2,0,0
CUST-01275,0.4041,6857.01,1,0,1
CUST-01276,0.4754,5775.05,0,0,1
CUST-01277,0.1709,2576.53,2,0,0
CUST-01278,0.1439,5734.88,0,0,0
CUST-01279,0.3617,5336.8,1,1,0
CUST-01280,0.0434,5976.39,2,1,0
CUST-01281,0.0979,4775.39,1,0,0
CUST-01282,0.0921,4228.34,2,0,0
CUST-01283,0.1597,5326.76,0,0,0
CUST-01284,0.1532,4749.17,2,0,0
CUST-01285,0.1022,5630.92,1,0,0
CUST-01286,0.2255,5274.84,0,0,0
CUST-01287,0.0781,5101.67,2,0,0
CUST-01288,0.4321,9561.02,0,0,1
CUST-01289,0.1793,6155.45,1,1,0
CUST-01290,0.0996,6805.67,0,0,0
CUST-01291,0.0363,3438.39,2,1,0
CUST-01292,0.5211,2959.73,2,0,0
CUST-01293,0.0565,7994.68,0,0,0
CUST-01294,0.2272,7783.44,0,1,0
CUST-01295,0.2503,4429.84,2,0,0
CUST-01296,0.2619,7055.97,0,0,0
CUST-01297,0.0387,4904.49,2,0,0
CUST-01298,0.159,3845.65,2,0,0
CUST-01299,0.7486,3954.21,1,0,0
CUST-01300,0.1563,4019.08,2,0,0
CUST-01301,0.0614,7611.09,0,0,0
CUST-01302,0.1312,3654.96,2,0,0
CUST-01303,0.1586,5851.62,0,0,0
CUST-01304,0.1815,3903.55,1,0,0
CUST-01305,0.0684,5209.18,0,0,0
CUST-01306,0.1789,6542.32,0,0,0
CUST-01307,0.0506,6352.13,1,0,0
CUST-01308,0.1973,3240.16,2,0,0
CUST-01309,0.2247,4789.29,1,0,0
CUST-01310,0.3746,5531.03,0,0,0
CUST-01311,0.1838,7017.54,0,0,0
CUST-01312,0.5338,2595.28,2,1,0
CUST-01313,0.3308,5346.43,1,0,0
CUST-01314,0.0458,4988.97,2,0,0
CUST-01315,0.2013,5810.13,1,0,0
CUST-01316,0.2547,4845.24,1,0,0
CUST-01317,0.3911,5481.5,1,1,0
CUST-01318,0.0918,2400.87,2,0,0
CUST-01319,0.2569,5484.82,0,0,0
CUST-01320,0.0896,5523.55,0,0,0
CUST-01321,0.2734,4591.5,1,0,0
CUST-01322,0.1653,4734.47,2,0,0
CUST-01323,0.3431,5245.38,1,0,0
CUST-01324,0.2236,7033.28,0,0,0
CUST-01325,0.0048,5099.68,2,0,0
CUST-01326,0.1563,6771.06,0,1,0
CUST-01327,0.0428,6036.6,1,0,0
CUST-01328,0.1584,5327.07,1,0,0
CUST-01329,0.0867,6414.12,0,0,0
CUST-01330,0.0446,3600.82,2,0,0
CUST-01331,0.3467,3911.91,1,1,0
CUST-01332,0.6038,5966.78,1,0,1
CUST-01333,0.0947,5104.24,1,0,0
CUST-01334,0.0574,3487.83,2,0,0
CUST-01335,0.5533,3616.66,2,0,0
CUST-01336,0.1925,3505.12,2,0,0
CUST-01337,0.1741,5534.34,1,0,0
CUST-01338,0.0693,7705.23,1,0,0
CUST-01339,0.1071,4492.88,2,0,0
CUST-01340,0.1406,3930.52,2,0,0
CUST-01341,0.1987,5604.14,0,0,0
CUST-01342,0.08,6640.74,0,0,0
CUST-01343,0.0728,4973.74,2,0,0
CUST-01344,0.1248,3891.96,2,0,0
CUST-01345,0.0603,6168.95,2,0,0
CUST-01346,0.2287,6302.52,0,0,0
CUST-01347,0.0497,6877.59,0,0,0
CUST-01348,0.2225,4514.93,1,0,0
CUST-01349,0.164,4554.1,2,0,0
CUST-01350,0.1485,4937.66,0,0,0
CUST-01351,0.0792,9230.03,0,0,0
CUST-01352,0.0868,7344.13,0,0,0
CUST-01353,0.1098,7136.38,0,0,0
CUST-01354,0.1365,3000.94,2,0,0
CUST-01355,0.1,4323.91,2,0,0
CUST-01356,0.2139,3297.35,2,0,0
CUST-01357,0.2441,3605.22,2,0,0
CUST-01358,0.1635,5302.32,1,0,0
CUST-01359,0.0341,6308.61,1,0,0
CUST-01360,0.1665,6798.08,0,0,0
CUST-01361,0.3401,6361.79,2,0,0
CUST-01362,0.287,5866.93,0,0,0
CUST-01363,0.5858,5229.28,0,0,0
CUST-01364,0.0989,4997.82,0,0,0
CUST-01365,0.4594,5728.84,0,0,1
CUST-01366,0.1315,5603.1,2,0,0
CUST-01367,0.069,6697.06,0,0,0
CUST-01368,0.219,5386.92,0,0,0
CUST-01369,0.1914,3748.37,1,0,0
CUST-01370,0.1256,7654.29,0,0,0
CUST-01371,0.2313,7463.98,0,1,0
CUST-01372,0.1807,2384.17,2,0,0
CUST-01373,0.0673,6653.85,1,0,0
CUST-01374,0.1855,5217.08,2,0,0
CUST-01375,0.1959,4948.96,2,0,0
CUST-01376,0.0877,3982.05,2,0,0
CUST-01377,0.1527,8376.73,0,0,0
CUST-01378,0.1544,5362.7,1,0,0
CUST-01379,0.1649,3719.54,2,0,0
CUST-01380,0.0536,6975.65,0,0,0
CUST-01381,0.0238,5619.82,2,0,0
CUST-01382,0.2786,4633.68,1,0,0
CUST-01383,0.6581,3974.96,2,0,0
CUST-01384,0.4656,6953.77,0,0,1
CUST-01385,0.5676,7074.68,0,0,1
CUST-01386,0.1326,4522.78,0,0,0
CUST-01387,0.2763,2796.35,2,0,0
CUST-01388,0.1595,5516.43,0,0,0
CUST-01389,0.1248,6942.11,1,0,0
CUST-01390,0.0756,6778.91,1,0,0
CUST-01391,0.1234,3127.87,2,0,0
CUST-01392,0.0465,9098.08,0,0,0
CUST-01393,0.1789,3474.0,2,1,0
CUST-01394,0.1155,4891.9,2,0,0
CUST-01395,0.4771,6918.07,0,0,1
CUST-01396,0.073,6855.37,0,0,0
CUST-01397,0.0521,5513.83,2,0,0
CUST-01398,0.0392,7059.73,0,0,0
CUST-01399,0.4896,4676.02,2,0,0
CUST-01400,0.2832,4891.94,1,0,0
CUST-01401,0.0985,3832.3,2,0,0
CUST-01402,0.0177,6112.36,0,0,0
CUST-01403,0.2452,4262.56,2,0,0
CUST-01404,0.0108,5540.17,2,0,0
CUST-01405,0.4243,7062.15,0,0,1
CUST-01406,0.6521,5903.55,0,0,1
CUST-01407,0.2194,6433.54,0,0,0
CUST-01408,0.2623,4845.59,0,0,0
CUST-01409,0.3884,6646.01,0,0,0
CUST-01410,0.0566,4810.67,2,0,0
CUST-01411,0.2035,4814.92,0,0,0
CUST-01412,0.1103,5728.07,1,0,0
CUST-01413,0.2237,2389.63,2,0,0
CUST-01414,0.2065,6423.88,0,0,0
CUST-01415,0.0667,5180.98,2,0,0
CUST-01416,0.0295,5498.46,2,0,0
CUST-01417,0.3453,3911.43,2,0,0
CUST-01418,0.1329,7596.97,0,0,0
CUST-01419,0.0279,6246.08,2,0,0
CUST-01420,0.0808,5589.06,0,0,0
CUST-01421,0.0392,6056.15,1,0,0
CUST-01422,0.2438,6637.48,0,0,0
CUST-01423,0.1917,5517.5,0,0,0
CUST-01424,0.0329,5545.54,2,0,0
CUST-01425,0.2688,5335.33,1,0,0
CUST-01426,0.1035,2943.18,2,0,0
CUST-01427,0.0983,5252.3,1,0,0
CUST-01428,0.1244,3085.72,2,0,0
CUST-01429,0.1432,5591.96,1,0,0
CUST-01430,0.2744,4810.44,1,0,0
CUST-01431,0.0983,5468.58,0,0,0
CUST-01432,0.1548,4772.1,1,0,0
CUST-01433,0.0365,4349.16,1,0,0
CUST-01434,0.0418,5682.1,1,0,0
CUST-01435,0.0951,4928.09,0,0,0
CUST-01436,0.2384,4607.59,1,0,0
CUST-01437,0.0705,4291.17,2,0,0
CUST-01438,0.049,5005.28,1,0,0
CUST-01439,0.0811,4813.26,2,0,0
CUST-01440,0.0377,7268.19,0,0,0
CUST-01441,0.0788,4920.49,2,0,0
CUST-01442,0.1997,3899.49,2,0,0
CUST-01443,0.0811,3967.48,2,0,0
CUST-01444,0.2922,3389.8,2,0,0
CUST-01445,0.1509,5275.2,1,0,0
CUST-01446,0.2444,6790.59,0,0,0
CUST-01447,0.0337,4825.89,2,0,0
CUST-01448,0.0502,5418.96,0,0,0
CUST-01449,0.0792,5632.75,1,0,0
CUST-01450,0.1873,3824.62,2,0,0
CUST-01451,0.2366,5350.3,1,0,0
CUST-01452,0.0491,4414.26,2,0,0
CUST-01453,0.1353,4923.61,0,0,0
CUST-01454,0.1813,5929.18,0,0,0
CUST-01455,0.1606,5553.55,0,0,0
CUST-01456,0.0718,2632.86,2,0,0
CUST-01457,0.1511,3699.16,2,0,0
CUST-01458,0.0245,4942.58,2,0,0
CUST-01459,0.0549,7745.0,0,0,0
CUST-01460,0.0702,4341.69,1,1,0
CUST-01461,0.2967,3385.71,1,0,0
CUST-01462,0.0354,5184.94,2,0,0
CUST-01463,0.1878,3132.71,2,0,0
CUST-01464,0.0519,5174.81,2,0,0
CUST-01465,0.1674,5822.47,0,0,0
CUST-01466,0.21,5459.61,0,0,0
CUST-01467,0.4238,5767.13,0,0,1
CUST-01468,0.0435,2889.6,2,0,0
CUST-01469,0.0655,5921.43,1,1,0
CUST-01470,0.2119,4448.23,2,0,0
CUST-01471,0.2454,4539.93,2,0,0
CUST-01472,0.1133,5149.15,1,0,0
CUST-01473,0.0263,6038.22,0,0,0
CUST-01474,0.0546,5468.5,2,0,0
CUST-01475,0.2007,5726.61,1,0,0
CUST-01476,0.3634,6550.31,0,0,0
CUST-01477,0.4333,8908.49,0,0,1
CUST-01478,0.168,3840.03,2,0,0
CUST-01479,0.1412,4855.62,2,0,0
CUST-01480,0.2039,6444.42,0,0,0
CUST-01481,0.366,5912.04,0,0,0
CUST-01482,0.1318,6482.07,0,0,0
CUST-01483,0.2305,3916.56,2,0,0
CUST-01484,0.1563,4414.43,2,0,0
CUST-01485,0.1536,6588.58,0,1,0
CUST-01486,0.0609,8999.75,0,0,0
CUST-01487,0.0917,7643.12,1,0,0
CUST-01488,0.2378,4635.81,2,0,0
CUST-01489,0.4838,5342.97,1,1,1
CUST-01490,0.2934,4483.3,1,0,0
CUST-01491,0.0179,4656.59,2,0,0
CUST-01492,0.2803,5995.22,2,0,0
CUST-01493,0.5467,4274.22,0,0,0
CUST-01494,0.2078,7716.39,0,1,0
CUST-01495,0.2127,5669.13,0,0,0
CUST-01496,0.067,7574.14,0,0,0
CUST-01497,0.2994,3885.92,2,0,0
CUST-01498,0.0223,6710.63,0,0,0
CUST-01499,0.0987,3269.86,2,0,0
CUST-01500,0.3226,6230.06,0,0,0
CUST-01501,0.1075,4789.2,2,0,0
CUST-01502,0.0264,8273.44,0,0,0
CUST-01503,0.2324,5795.61,0,0,0
CUST-01504,0.2813,5371.68,2,1,0
CUST-01505,0.3075,4665.4,2,0,0
CUST-01506,0.1285,8523.97,0,0,0
CUST-01507,0.2943,3360.05,2,1,0
CUST-01508,0.0608,3881.69,2,0,0
CUST-01509,0.0475,6712.54,0,0,0
CUST-01510,0.3324,5813.9,0,0,0
CUST-01511,0.1481,5884.16,0,0,0
CUST-01512,0.0397,5281.52,2,0,0
CUST-01513,0.2049,3267.74,1,0,0
CUST-01514,0.1877,4148.61,2,0,0
CUST-01515,0.1642,4888.72,1,0,0
CUST-01516,0.1966,6324.97,0,0,0
CUST-01517,0.0051,6258.54,2,0,0
CUST-01518,0.0329,4945.01,2,0,0
CUST-01519,0.0181,3567.86,2,0,0
CUST-01520,0.3554,4971.25,0,1,0
CUST-01521,0.4296,6997.52,0,0,1
CUST-01522,0.1648,3198.16,2,0,0
CUST-01523,0.1414,4867.04,2,0,0
CUST-01524,0.1585,4398.06,2,0,0
CUST-01525,0.0625,7248.52,0,0,0
CUST-01526,0.1674,5963.85,0,0,0
CUST-01527,0.2483,6540.99,0,0,0
CUST-01528,0.4183,4762.31,1,0,0
CUST-01529,0.5443,6610.64,0,0,1
CUST-01530,0.5198,5550.55,1,0,1
CUST-01531,0.3598,5135.09,0,0,0
CUST-01532,0.2146,6251.44,0,0,0
CUST-01533,0.2156,5001.46,1,0,0
CUST-01534,0.0692,4239.69,2,0,0
CUST-01535,0.0711,8776.54,0,0,0
CUST-01536,0.0813,4893.97,2,0,0
CUST-01537,0.0383,4916.16,2,0,0
CUST-01538,0.0376,5499.96,2,0,0
CUST-01539,0.272,5181.96,0,0,0
CUST-01540,0.0092,4558.54,2,0,0
CUST-01541,0.1253,5356.46,0,0,0
CUST-01542,0.3177,3061.27,1,1,0
CUST-01543,0.5298,3530.12,1,0,0
CUST-01544,0.1974,4503.05,2,0,0
CUST-01545,0.0995,5006.65,2,0,0
CUST-01546,0.2318,3927.82,2,0,0
CUST-01547,0.0859,3507.12,2,0,0
CUST-01548,0.0563,5258.91,1,0,0
CUST-01549,0.2247,3864.32,2,0,0
CUST-01550,0.4336,5322.95,0,0,1
CUST-01551,0.1236,4589.55,2,0,0
CUST-01552,0.1467,5279.38,0,0,0
CUST-01553,0.0619,6258.22,1,0,0
CUST-01554,0.0292,6400.79,0,0,0
CUST-01555,0.0895,7403.86,0,0,0
CUST-01556,0.1223,3605.94,2,0,0
CUST-01557,0.0816,3214.46,2,0,0
CUST-01558,0.0361,5539.17,1,0,0
CUST-01559,0.475,6544.76,1,0,1
CUST-01560,0.4975,5153.32,1,0,0
CUST-01561,0.2146,3973.74,1,0,0
CUST-01562,0.1051,5785.14,0,0,0
CUST-01563,0.0902,8326.18,0,0,0
CUST-01564,0.0146,5849.85,1,0,0
CUST-01565,0.2162,4792.83,1,0,0
CUST-01566,0.0325,7885.79,0,0,0
CUST-01567,0.1079,3775.73,2,0,0
CUST-01568,0.156,3470.56,2,0,0
CUST-01569,0.1775,9126.74,0,0,0
CUST-01570,0.077,5969.97,1,0,0
CUST-01571,0.1088,6456.4,1,0,0
CUST-01572,0.2727,3112.94,2,0,0
CUST-01573,0.0409,6103.52,0,0,0
CUST-01574,0.0396,5878.33,1,0,0
CUST-01575,0.0659,5517.12,0,0,0
CUST-01576,0.4455,5205.41,0,0,0
CUST-01577,0.3262,5107.21,2,0,0
CUST-01578,0.0402,7295.5,0,0,0
CUST-01579,0.0374,7100.29,1,0,0
CUST-01580,0.0801,4636.61,2,0,0
CUST-01581,0.2806,5527.4,0,0,0
CUST-01582,0.0506,7925.37,0,0,0
CUST-01583,0.0758,3787.48,2,0,0
CUST-01584,0.6354,6925.88,0,0,1
CUST-01585,0.261,4447.88,2,0,0
CUST-01586,0.3247,4653.28,2,0,0
CUST-01587,0.166,5582.56,1,0,0
CUST-01588,0.296,3417.33,2,0,0
CUST-01589,0.2476,2991.8,2,0,0
CUST-01590,0.0581,6616.33,1,0,0
CUST-01591,0.0452,2885.5,2,0,0
CUST-01592,0.1423,3609.67,2,0,0
CUST-01593,0.493,4569.51,1,0,0
CUST-01594,0.1063,5473.63,2,0,0
CUST-01595,0.5515,4654.28,2,0,0
CUST-01596,0.2183,5357.39,1,0,0
CUST-01597,0.052,4910.13,2,0,0
CUST-01598,0.3127,5589.97,1,0,0
CUST-01599,0.2963,5741.34,2,0,0
CUST-01600,0.194,4109.53,1,0,0
CUST-01601,0.0862,5662.44,0,0,0
CUST-01602,0.394,7753.83,1,1,0
CUST-01603,0.1292,5865.43,1,0,0
CUST-01604,0.1286,4622.73,2,0,0
CUST-01605,0.0872,7045.57,0,0,0
CUST-01606,0.2561,3392.54,2,0,0
CUST-01607,0.206,2828.33,2,1,0
CUST-01608,0.2223,2406.61,2,0,0
CUST-01609,0.0546,5009.11,0,0,0
CUST-01610,0.2108,5981.28,0,0,0
CUST-01611,0.0169,7785.27,0,0,0
CUST-01612,0.5696,8313.67,0,1,1
CUST-01613,0.1059,4057.98,2,0,0
CUST-01614,0.0281,3841.06,2,0,0
CUST-01615,0.5957,4691.9,0,0,0
CUST-01616,0.0426,7022.34,1,0,0
CUST-01617,0.0304,4829.89,2,0,0
CUST-01618,0.4696,3995.83,1,0,0
CUST-01619,0.1117,7378.13,0,0,0
CUST-01620,0.1153,4271.68,2,0,0
CUST-01621,0.3458,3566.52,2,0,0
CUST-01622,0.1443,6207.51,2,0,0
CUST-01623,0.1269,7211.1,0,0,0
CUST-01624,0.2442,5611.64,0,0,0
CUST-01625,0.0377,4685.8,2,0,0
CUST-01626,0.0776,4288.49,2,0,0
CUST-01627,0.2728,5525.39,0,0,0
CUST-01628,0.0763,5202.42,1,0,0
CUST-01629,0.0303,4869.39,2,0,0
CUST-01630,0.0523,3339.01,2,0,0
CUST-01631,0.0412,7058.02,2,0,0
CUST-01632,0.1024,6879.87,0,0,0
CUST-01633,0.2986,5276.9,0,0,0
CUST-01634,0.1022,5949.93,0,0,0
CUST-01635,0.2362,5879.33,0,0,0
CUST-01636,0.0908,4975.07,2,0,0
CUST-01637,0.0386,4515.24,2,0,0
CUST-01638,0.2874,5353.43,0,0,0
CUST-01639,0.1108,4353.67,2,0,0
CUST-01640,0.2389,4870.09,0,0,0
CUST-01641,0.2239,5727.81,0,0,0
CUST-01642,0.0732,7602.46,0,0,0
CUST-01643,0.0525,3311.46,1,0,0
CUST-01644,0.5746,4712.35,1,0,0
CUST-01645,0.0297,6927.39,0,0,0
CUST-01646,0.1397,4686.45,2,0,0
CUST-01647,0.1267,5334.36,0,0,0
CUST-01648,0.0381,4192.88,2,0,0
CUST-01649,0.0431,5408.76,1,0,0
CUST-01650,0.2552,4233.02,2,0,0
CUST-01651,0.1277,7836.55,1,0,0
CUST-01652,0.2419,3658.67,2,0,0
CUST-01653,0.2432,3693.29,2,0,0
CUST-01654,0.049,4088.67,2,1,0
CUST-01655,0.5033,4370.77,0,0,0
CUST-01656,0.4706,5807.63,0,0,1
CUST-01657,0.1299,3704.8,1,0,0
CUST-01658,0.2847,6528.49,0,0,0
CUST-01659,0.4404,4870.36,1,0,0
CUST-01660,0.1011,5238.69,0,0,0
CUST-01661,0.051,3467.5,2,0,0
CUST-01662,0.0781,5475.52,0,0,0
CUST-01663,0.095,5365.03,0,0,0
CUST-01664,0.0884,4977.36,1,0,0
CUST-01665,0.3706,5270.29,0,0,0
CUST-01666,0.0233,5540.97,0,0,0
CUST-01667,0.1318,8292.79,0,0,0
CUST-01668,0.1766,3232.94,2,0,0
CUST-01669,0.1802,4972.73,1,0,0
CUST-01670,0.1163,5422.4,0,0,0
CUST-01671,0.0593,4114.01,2,0,0
CUST-01672,0.3565,4603.75,2,0,0
CUST-01673,0.2424,5545.19,0,0,0
CUST-01674,0.047,6650.07,1,0,0
CUST-01675,0.1557,3036.66,2,0,0
CUST-01676,0.0355,4696.06,1,0,0
CUST-01677,0.5439,3820.57,2,0,0
CUST-01678,0.134,6128.48,2,0,0
CUST-01679,0.0928,3686.63,2,0,0
CUST-01680,0.5388,3479.29,1,0,0
CUST-01681,0.2585,4762.36,0,0,0
CUST-01682,0.2783,6625.45,0,0,0
CUST-01683,0.389,8950.01,0,0,0
CUST-01684,0.1255,4972.9,1,0,0
CUST-01685,0.2849,8154.38,0,0,0
CUST-01686,0.3778,3043.43,2,0,0
CUST-01687,0.1382,3610.69,2,0,0
CUST-01688,0.0845,4781.6,2,0,0
CUST-01689,0.5658,5303.28,0,0,1
CUST-01690,0.4606,5253.39,2,0,0
CUST-01691,0.066,8223.4,0,0,0
CUST-01692,0.4895,4470.91,2,0,0
CUST-01693,0.0326,5712.89,1,0,0
CUST-01694,0.0384,8120.95,0,0,0
CUST-01695,0.169,3630.32,2,0,0
CUST-01696,0.326,4065.82,2,0,0
CUST-01697,0.5541,6049.03,0,0,1
CUST-01698,0.1477,7329.35,0,0,0
CUST-01699,0.0209,7134.77,0,0,0
CUST-01700,0.0084,4991.27,2,0,0
CUST-01701,0.0703,7682.82,0,0,0
CUST-01702,0.1091,5839.74,0,0,0
CUST-01703,0.1851,6229.42,0,0,0
CUST-01704,0.3495,6971.07,0,0,0
CUST-01705,0.0901,5444.26,2,0,0
CUST-01706,0.1502,5509.55,0,0,0
CUST-01707,0.4353,5406.11,0,0,1
CUST-01708,0.1267,4657.56,1,0,0
CUST-01709,0.2597,2954.08,2,0,0
CUST-01710,0.0751,4974.58,2,0,0
CUST-01711,0.294,3817.8,2,0,0
CUST-01712,0.102,8345.44,0,0,0
CUST-01713,0.4321,6488.49,0,0,1
CUST-01714,0.0855,4097.59,2,0,0
CUST-01715,0.0496,3645.36,2,0,0
CUST-01716,0.326,6581.25,0,0,0
CUST-01717,0.0813,5820.56,1,0,0
CUST-01718,0.1328,4412.0,2,0,0
CUST-01719,0.0566,4507.99,2,0,0
CUST-01720,0.1904,2545.86,2,0,0
CUST-01721,0.2266,4778.12,2,0,0
CUST-01722,0.0309,5072.44,2,0,0
CUST-01723,0.0193,5245.15,1,0,0
CUST-01724,0.0367,5693.78,1,0,0
CUST-01725,0.2193,6498.95,0,0,0
CUST-01726,0.1332,4511.89,2,0,0
CUST-01727,0.4952,4479.16,1,0,0
CUST-01728,0.0549,4948.21,0,0,0
CUST-01729,0.584,5517.46,0,0,1
CUST-01730,0.1297,3726.54,2,0,0
CUST-01731,0.2161,5954.91,1,0,0
CUST-01732,0.3521,5743.44,1,0,0
CUST-01733,0.1122,4494.29,2,0,0
CUST-01734,0.2849,3937.94,2,0,0
CUST-01735,0.0935,3770.65,2,0,0
CUST-01736,0.031,8368.45,0,0,0
CUST-01737,0.0305,4530.79,2,0,0
CUST-01738,0.2977,2580.03,2,1,0
CUST-01739,0.43,7293.56,0,0,1
CUST-01740,0.0504,5645.04,2,0,0
CUST-01741,0.3492,5361.39,0,0,0
CUST-01742,0.5309,5250.29,1,0,0
CUST-01743,0.0702,9197.91,0,0,0
CUST-01744,0.0626,4514.66,2,0,0
CUST-01745,0.0662,4266.87,2,0,0
CUST-01746,0.1052,5324.81,1,0,0
CUST-01747,0.09,7717.2,0,0,0
CUST-01748,0.0723,7693.97,0,0,0
CUST-01749,0.041,3452.16,2,0,0
CUST-01750,0.068,6956.43,0,0,0
CUST-01751,0.4668,9467.92,0,0,1
CUST-01752,0.3006,4778.88,1,0,0
CUST-01753,0.0481,5095.26,2,0,0
CUST-01754,0.3306,4198.41,1,0,0
CUST-01755,0.36,3055.73,2,0,0
CUST-01756,0.7503,4475.32,0,1,0
CUST-01757,0.323,5160.11,1,1,0
CUST-01758,0.3063,4319.73,2,0,0
CUST-01759,0.4075,2400.8,2,0,0
CUST-01760,0.5121,5155.09,0,0,0
CUST-01761,0.0401,7743.27,0,0,0
CUST-01762,0.0859,7384.53,1,0,0
CUST-01763,0.1441,3469.84,2,0,0
CUST-01764,0.1994,4454.85,1,0,0
CUST-01765,0.647,4347.26,0,0,0
CUST-01766,0.0399,7275.52,0,0,0
CUST-01767,0.488,4833.45,0,0,0
CUST-01768,0.0385,5634.84,2,0,0
CUST-01769,0.1466,7694.04,0,0,0
CUST-01770,0.6965,5865.15,1,0,1
CUST-01771,0.3743,4836.55,1,0,0
CUST-01772,0.1322,4505.56,2,0,0
CUST-01773,0.0975,4884.44,2,0,0
CUST-01774,0.2117,2888.8,2,0,0
CUST-01775,0.0817,7517.14,0,0,0
CUST-01776,0.4305,3590.21,1,1,0
CUST-01777,0.131,2946.49,2,0,0
CUST-01778,0.3188,6312.66,0,0,0
CUST-01779,0.145,4528.59,2,0,0
CUST-01780,0.1722,4271.94,2,0,0
CUST-01781,0.0689,6435.52,1,0,0
CUST-01782,0.0381,5812.61,0,0,0
CUST-01783,0.0767,5632.54,2,0,0
CUST-01784,0.1221,3840.62,2,0,0
CUST-01785,0.1294,6565.13,0,0,0
CUST-01786,0.0362,5976.22,2,0,0
CUST-01787,0.0561,3476.74,2,0,0
CUST-01788,0.1266,7683.99,1,0,0
CUST-01789,0.258,5601.02,0,0,0
CUST-01790,0.0584,4804.78,2,0,0
CUST-01791,0.181,4577.69,2,0,0
CUST-01792,0.4051,3496.87,2,0,0
CUST-01793,0.0307,5435.96,1,0,0
CUST-01794,0.1021,4893.14,1,0,0
CUST-01795,0.0444,3383.68,2,0,0
CUST-01796,0.3892,5034.14,0,0,0
CUST-01797,0.2231,6601.55,0,0,0
CUST-01798,0.657,5564.41,1,0,1
CUST-01799,0.0472,8226.39,0,0,0
CUST-01800,0.1282,6162.61,0,1,0
CUST-01801,0.4389,4170.44,1,0,0
CUST-01802,0.5367,4950.15,1,0,0
CUST-01803,0.3411,5013.14,2,0,0
CUST-01804,0.3508,5961.95,0,0,0
CUST-01805,0.0826,6833.51,0,0,0
CUST-01806,0.2311,5235.11,0,0,0
CUST-01807,0.4592,3556.34,2,0,0
CUST-01808,0.2403,5101.09,1,0,0
CUST-01809,0.1885,4433.59,2,1,0
CUST-01810,0.0511,5322.97,2,0,0
CUST-01811,0.0315,6818.86,1,0,0
CUST-01812,0.032,5418.51,2,0,0
CUST-01813,0.0315,6147.89,2,0,0
CUST-01814,0.4819,5651.57,1,0,1
CUST-01815,0.0293,6548.3,0,0,0
CUST-01816,0.0832,4902.02,1,0,0
CUST-01817,0.3013,3886.37,1,0,0
CUST-01818,0.0667,4577.21,2,0,0
CUST-01819,0.0198,6505.24,0,0,0
CUST-01820,0.0684,2950.67,2,0,0
CUST-01821,0.1776,3703.1,2,0,0
CUST-01822,0.1718,3334.85,2,0,0
CUST-01823,0.0466,6315.15,2,0,0
CUST-01824,0.1493,3880.01,2,0,0
CUST-01825,0.124,4897.94,0,0,0
CUST-01826,0.1397,4902.33,2,0,0
CUST-01827,0.1492,3868.44,2,0,0
CUST-01828,0.1329,7142.76,2,0,0
CUST-01829,0.4433,4779.44,2,0,0
CUST-01830,0.1099,4289.18,1,0,0
CUST-01831,0.1115,4954.1,0,0,0
CUST-01832,0.1709,5204.66,1,0,0
CUST-01833,0.2074,4776.51,0,0,0
CUST-01834,0.1607,4738.53,1,0,0
CUST-01835,0.1097,6172.68,0,0,0
CUST-01836,0.1382,3535.68,2,0,0
CUST-01837,0.1919,5389.2,0,0,0
CUST-01838,0.0697,5618.65,2,0,0
CUST-01839,0.0906,3980.28,2,0,0
CUST-01840,0.1959,4629.8,0,0,0
CUST-01841,0.0233,5476.41,2,0,0
CUST-01842,0.1445,3743.21,2,0,0
CUST-01843,0.0502,9115.25,0,0,0
CUST-01844,0.0571,7941.0,1,0,0
CUST-01845,0.2239,6745.08,0,0,0
CUST-01846,0.1769,3399.32,2,0,0
CUST-01847,0.247,3706.71,2,1,0
CUST-01848,0.0612,5660.57,1,0,0
CUST-01849,0.0918,5808.64,0,0,0
CUST-01850,0.1066,6865.84,1,0,0
CUST-01851,0.0899,3386.47,2,0,0
CUST-01852,0.5015,4702.45,0,0,0
CUST-01853,0.2013,7097.54,0,0,0
CUST-01854,0.4237,5672.74,0,0,1
CUST-01855,0.1922,4952.14,0,0,0
CUST-01856,0.1497,3164.12,2,0,0
CUST-01857,0.0301,6048.4,1,0,0
CUST-01858,0.3251,6064.64,0,0,0
CUST-01859,0.0257,4320.02,2,0,0
CUST-01860,0.2912,3620.1,2,0,0
CUST-01861,0.0578,7352.47,0,0,0
CUST-01862,0.4043,5514.52,0,0,1
CUST-01863,0.0464,3518.75,2,0,0
CUST-01864,0.3064,3955.51,2,0,0
CUST-01865,0.0908,4290.82,2,0,0
CUST-01866,0.0296,4942.62,2,0,0
CUST-01867,0.126,4400.73,2,0,0
CUST-01868,0.1137,5386.59,1,0,0
CUST-01869,0.3157,3132.24,2,0,0
CUST-01870,0.0298,4471.31,2,0,0
CUST-01871,0.5667,2223.24,2,0,0
CUST-01872,0.2051,5960.14,0,0,0
CUST-01873,0.0367,8679.97,1,0,0
CUST-01874,0.0155,4494.67,2,0,0
CUST-01875,0.2827,6722.66,0,0,0
CUST-01876,0.1158,4376.35,2,0,0
CUST-01877,0.1665,4438.36,1,0,0
CUST-01878,0.0993,3370.91,2,0,0
CUST-01879,0.2094,4755.37,2,0,0
CUST-01880,0.0272,7780.92,0,1,0
CUST-01881,0.0317,3456.69,2,0,0
CUST-01882,0.676,7063.92,0,0,1
CUST-01883,0.5071,4699.88,0,0,0
CUST-01884,0.2163,3093.99,2,0,0
CUST-01885,0.1684,5614.75,0,0,0
CUST-01886,0.6946,5496.43,0,0,1
CUST-01887,0.0765,8485.38,0,0,0
CUST-01888,0.2095,2805.25,2,0,0
CUST-01889,0.0873,8285.63,0,0,0
CUST-01890,0.1196,3864.77,2,0,0
CUST-01891,0.133,6129.91,0,0,0
CUST-01892,0.5589,7072.13,0,0,1
CUST-01893,0.0585,8352.22,0,0,0
CUST-01894,0.1738,5456.13,1,0,0
CUST-01895,0.1239,5106.42,1,0,0
CUST-01896,0.1347,5032.82,1,0,0
CUST-01897,0.0355,3455.55,2,0,0
CUST-01898,0.0742,5140.23,2,0,0
CUST-01899,0.074,6009.84,0,0,0
CUST-01900,0.1241,6098.16,1,0,0
CUST-01901,0.151,3242.31,2,0,0
CUST-01902,0.6482,6171.93,0,0,1
CUST-01903,0.0725,8640.79,1,1,0
CUST-01904,0.2145,7243.17,0,0,0
CUST-01905,0.0366,5641.04,2,0,0
CUST-01906,0.0168,6852.86,0,0,0
CUST-01907,0.077,6913.48,1,0,0
CUST-01908,0.212,3301.94,2,0,0
CUST-01909,0.1394,3562.53,1,0,0
CUST-01910,0.1009,6743.86,0,0,0
CUST-01911,0.4622,6006.02,0,0,1
CUST-01912,0.2169,8232.19,0,0,0
CUST-01913,0.1517,3182.82,2,0,0
CUST-01914,0.317,4825.01,2,0,0
CUST-01915,0.1557,6098.98,0,0,0
CUST-01916,0.1248,3989.72,2,0,0
CUST-01917,0.2645,3990.55,2,0,0
CUST-01918,0.1346,6234.77,0,0,0
CUST-01919,0.0906,7091.26,0,0,0
CUST-01920,0.201,5332.22,0,0,0
CUST-01921,0.1987,5664.08,0,0,0
CUST-01922,0.2392,5762.9,0,0,0
CUST-01923,0.0973,4885.36,0,0,0
CUST-01924,0.1603,6237.21,0,1,0
CUST-01925,0.0592,5250.77,2,0,0
CUST-01926,0.0395,7045.88,0,0,0
CUST-01927,0.0226,6346.79,0,0,0
CUST-01928,0.1771,5527.31,0,0,0
CUST-01929,0.0859,6367.8,0,0,0
CUST-01930,0.087,4332.81,2,0,0
CUST-01931,0.1108,7819.97,1,0,0
CUST-01932,0.2245,3940.67,2,0,0
CUST-01933,0.0642,5564.9,2,0,0
CUST-01934,0.3106,2314.27,2,0,0
CUST-01935,0.0483,7249.97,0,0,0
CUST-01936,0.0265,6889.73,0,0,0
CUST-01937,0.0537,5634.91,2,0,0
CUST-01938,0.2257,5943.68,1,1,0
CUST-01939,0.2508,6790.52,0,0,0
CUST-01940,0.0872,7923.6,0,0,0
CUST-01941,0.0156,5685.0,2,0,0
CUST-01942,0.0539,7751.26,0,0,0
CUST-01943,0.2119,6590.36,0,0,0
CUST-01944,0.0721,6155.28,0,0,0
CUST-01945,0.0474,6228.31,0,0,0
CUST-01946,0.1393,5806.85,1,0,0
CUST-01947,0.0781,3759.25,2,0,0
CUST-01948,0.1026,7104.6,0,0,0
CUST-01949,0.22,3383.96,1,1,0
CUST-01950,0.0603,5597.61,0,0,0
CUST-01951,0.0773,4875.7,2,0,0
CUST-01952,0.1774,5081.19,0,0,0
CUST-01953,0.2026,5099.03,0,0,0
CUST-01954,0.0372,6281.66,1,0,0
CUST-01955,0.0577,5199.66,2,0,0
CUST-01956,0.0318,4322.31,2,0,0
CUST-01957,0.0964,7322.32,1,0,0
CUST-01958,0.0121,5412.58,2,0,0
CUST-01959,0.0958,9040.07,0,0,0
CUST-01960,0.0362,5685.95,0,0,0
CUST-01961,0.3311,4727.95,0,0,0
CUST-01962,0.1745,5670.79,1,0,0
CUST-01963,0.432,5481.38,0,0,1
CUST-01964,0.0382,5314.51,1,0,0
CUST-01965,0.081,3701.51,2,0,0
CUST-01966,0.1189,7242.18,0,0,0
CUST-01967,0.0481,7091.12,0,0,0
CUST-01968,0.0584,4889.96,2,0,0
CUST-01969,0.1739,3550.29,2,0,0
CUST-01970,0.0641,3763.04,2,0,0
CUST-01971,0.1449,2745.76,2,0,0
CUST-01972,0.0461,6682.95,0,0,0
CUST-01973,0.5126,5933.98,0,0,1
CUST-01974,0.3355,4461.06,1,0,0
CUST-01975,0.0412,8349.47,0,0,0
CUST-01976,0.3662,4778.22,0,0,0
CUST-01977,0.1711,3622.11,1,0,0
CUST-01978,0.1709,5560.97,1,0,0
CUST-01979,0.2438,4175.82,2,0,0
CUST-01980,0.0915,7796.53,0,0,0
CUST-01981,0.1628,4627.88,0,0,0
CUST-01982,0.2989,4049.77,1,0,0
CUST-01983,0.2768,4150.59,2,0,0
CUST-01984,0.1285,3024.4,2,0,0
CUST-01985,0.0657,5755.26,1,0,0
CUST-01986,0.0648,8585.16,0,0,0
CUST-01987,0.5107,4815.89,0,0,0
CUST-01988,0.0167,6383.93,0,0,0
CUST-01989,0.5131,5717.11,0,0,1
CUST-01990,0.6298,5783.06,0,0,1
CUST-01991,0.4303,5749.2,0,0,1
CUST-01992,0.0356,7089.63,0,1,0
CUST-01993,0.1246,6791.08,0,0,0
CUST-01994,0.5554,4635.72,2,0,0
CUST-01995,0.0742,6981.68,0,1,0
CUST-01996,0.1233,3417.25,2,0,0
CUST-01997,0.0493,4851.64,2,0,0
CUST-01998,0.0316,6231.14,0,0,0
CUST-01999,0.2816,6011.61,1,0,0
CUST-02000,0.1403,4785.95,0,0,0
CUST-02001,0.0913,3664.34,2,0,0
CUST-02002,0.1442,7218.97,0,0,0
CUST-02003,0.1246,6842.58,0,0,0
CUST-02004,0.037,6566.23,1,0,0
CUST-02005,0.6345,5794.09,0,0,1
CUST-02006,0.0583,7067.23,0,0,0
CUST-02007,0.0959,3803.63,2,0,0
CUST-02008,0.0134,4973.42,2,0,0
CUST-02009,0.2024,5800.55,0,0,0
CUST-02010,0.2512,5544.87,0,0,0
CUST-02011,0.6089,4065.01,2,0,0
CUST-02012,0.0288,6276.8,1,0,0
CUST-02013,0.11,6059.38,0,0,0
CUST-02014,0.0372,5672.5,1,0,0
CUST-02015,0.0197,7277.88,0,0,0
CUST-02016,0.2713,5537.93,2,0,0
CUST-02017,0.1542,7122.51,0,0,0
CUST-02018,0.0853,4930.57,2,0,0
CUST-02019,0.1493,3644.4,2,0,0
CUST-02020,0.1089,5440.86,0,0,0
CUST-02021,0.0236,8502.48,0,0,0
CUST-02022,0.1161,4884.71,2,0,0
CUST-02023,0.5015,3814.74,2,0,0
CUST-02024,0.1014,7764.16,0,0,0
CUST-02025,0.5342,4103.63,2,0,0
CUST-02026,0.3702,7581.37,0,0,0
CUST-02027,0.0228,4154.41,2,0,0
CUST-02028,0.1831,5251.64,0,0,0
CUST-02029,0.1559,4593.1,2,0,0
CUST-02030,0.0757,6036.62,0,0,0
CUST-02031,0.0438,5134.95,2,0,0
CUST-02032,0.3306,7677.04,0,0,0
CUST-02033,0.6033,6217.03,1,1,1
CUST-02034,0.2034,7801.2,1,0,0
CUST-02035,0.2623,6160.38,0,0,0
CUST-02036,0.0602,3554.47,2,0,0
CUST-02037,0.0552,5606.63,1,0,0
CUST-02038,0.0777,6120.14,1,0,0
CUST-02039,0.6268,4598.36,0,0,0
CUST-02040,0.0719,7863.68,1,0,0
CUST-02041,0.4159,5645.41,1,0,1
CUST-02042,0.1674,3793.57,2,0,0
CUST-02043,0.1696,5508.16,1,0,0
CUST-02044,0.2225,3785.76,2,0,0
CUST-02045,0.1198,6364.42,0,0,0
CUST-02046,0.5866,6976.27,0,1,1
CUST-02047,0.0351,7508.18,0,0,0
CUST-02048,0.1322,4443.21,2,0,0
CUST-02049,0.2744,2714.84,2,0,0
CUST-02050,0.2231,4866.12,1,0,0
CUST-02051,0.4454,6809.07,0,0,1
CUST-02052,0.2291,4866.75,2,0,0
CUST-02053,0.0893,3192.08,2,0,0
CUST-02054,0.1808,4957.1,0,0,0
CUST-02055,0.1374,4870.79,1,0,0
CUST-02056,0.1805,4768.29,2,0,0
CUST-02057,0.5204,3593.96,2,0,0
CUST-02058,0.0276,5919.61,2,0,0
CUST-02059,0.2737,4493.07,0,0,0
CUST-02060,0.2674,6247.63,0,0,0
CUST-02061,0.0718,7581.32,0,0,0
CUST-02062,0.0348,6577.5,0,0,0
CUST-02063,0.2052,4838.62,1,0,0
CUST-02064,0.0517,6378.1,0,0,0
CUST-02065,0.0346,5080.84,2,0,0
CUST-02066,0.2406,3814.13,2,0,0
CUST-02067,0.143,5976.16,0,0,0
CUST-02068,0.168,8567.43,0,0,0
CUST-02069,0.109,6791.51,0,0,0
CUST-02070,0.0498,7156.55,1,0,0
CUST-02071,0.218,7119.37,0,0,0
CUST-02072,0.0645,3679.86,2,0,0
CUST-02073,0.5853,5000.5,0,0,0
CUST-02074,0.1117,4945.97,2,0,0
CUST-02075,0.0416,5215.84,1,0,0
CUST-02076,0.0341,4343.62,2,0,0
CUST-02077,0.1651,4739.78,2,0,0
CUST-02078,0.0275,3456.36,2,0,0
CUST-02079,0.025,6151.43,2,0,0
CUST-02080,0.391,6844.28,0,0,0
CUST-02081,0.1257,4747.95,2,0,0
CUST-02082,0.1239,5080.62,0,0,0
CUST-02083,0.4594,5388.97,0,0,1
CUST-02084,0.4883,3315.01,2,0,0
CUST-02085,0.0518,5383.16,1,0,0
CUST-02086,0.6005,4141.71,2,0,0
CUST-02087,0.1653,5488.58,0,0,0
CUST-02088,0.2155,4578.66,2,0,0
CUST-02089,0.048,4697.63,2,0,0
CUST-02090,0.0977,7889.31,0,0,0
CUST-02091,0.2047,4523.05,1,0,0
CUST-02092,0.1056,6622.05,0,0,0
CUST-02093,0.0815,5828.37,0,0,0
CUST-02094,0.3374,5769.86,0,0,0
CUST-02095,0.2912,6774.55,0,0,0
CUST-02096,0.0409,5748.92,2,0,0
CUST-02097,0.2334,3918.64,2,0,0
CUST-02098,0.5048,7671.03,0,0,1
CUST-02099,0.2147,6994.95,0,0,0
CUST-02100,0.1706,4140.12,2,0,0
CUST-02101,0.1872,5696.91,0,0,0
CUST-02102,0.1596,2839.3,2,0,0
CUST-02103,0.0472,5497.99,2,0,0
CUST-02104,0.1351,4658.07,0,0,0
CUST-02105,0.0776,6003.12,1,0,0
CUST-02106,0.2037,6617.63,0,0,0
CUST-02107,0.0694,2864.3,2,0,0
CUST-02108,0.1352,5850.39,0,0,0
CUST-02109,0.154,5558.57,0,0,0
CUST-02110,0.523,5634.83,0,0,1
CUST-02111,0.2602,5651.37,0,0,0
CUST-02112,0.2813,4782.15,1,0,0
CUST-02113,0.1478,4898.38,0,0,0
CUST-02114,0.0433,5201.63,2,0,0
CUST-02115,0.1535,5283.25,0,0,0
CUST-02116,0.0445,5710.51,0,0,0
CUST-02117,0.166,5334.11,0,0,0
CUST-02118,0.0815,6606.59,0,0,0
CUST-02119,0.1151,4992.37,2,0,0
CUST-02120,0.1257,3485.06,2,0,0
CUST-02121,0.0232,5679.2,1,0,0
CUST-02122,0.196,6584.74,1,0,0
CUST-02123,0.0611,5488.59,0,0,0
CUST-02124,0.2433,4159.12,2,0,0
CUST-02125,0.0632,4078.4,2,0,0
CUST-02126,0.6359,3931.53,1,0,0
CUST-02127,0.1847,5653.12,0,0,0
CUST-02128,0.1859,4721.48,1,0,0
CUST-02129,0.5209,5109.16,2,0,0
CUST-02130,0.1079,4044.96,1,0,0
CUST-02131,0.0818,7328.3,0,0,0
CUST-02132,0.0743,5068.31,1,0,0
CUST-02133,0.0797,7765.35,0,0,0
CUST-02134,0.0964,5488.2,1,0,0
CUST-02135,0.0512,7397.48,0,0,0
CUST-02136,0.2212,4282.71,2,0,0
CUST-02137,0.1821,5462.48,0,0,0
CUST-02138,0.3271,4380.36,2,0,0
CUST-02139,0.0509,6868.15,0,0,0
CUST-02140,0.1525,6307.22,1,0,0
CUST-02141,0.0299,8680.72,0,1,0
CUST-02142,0.0601,8290.38,0,0,0
CUST-02143,0.0318,5418.7,2,0,0
CUST-02144,0.3934,5691.82,0,0,0
CUST-02145,0.0516,5364.77,2,0,0
CUST-02146,0.0998,3231.15,2,0,0
CUST-02147,0.0792,4954.68,2,0,0
CUST-02148,0.1108,5434.91,0,0,0
CUST-02149,0.2963,4556.45,2,0,0
CUST-02150,0.3335,4133.96,1,0,0
CUST-02151,0.082,5360.65,2,0,0
CUST-02152,0.0461,6679.27,2,0,0
CUST-02153,0.1777,6529.03,0,0,0
CUST-02154,0.3533,2820.52,1,1,0
CUST-02155,0.0814,3948.87,2,0,0
CUST-02156,0.1786,3615.03,2,0,0
CUST-02157,0.1362,3043.73,2,0,0
CUST-02158,0.0681,2813.94,2,1,0
CUST-02159,0.0576,3697.92,2,1,0
CUST-02160,0.1229,4408.09,2,0,0
CUST-02161,0.0401,6423.5,2,0,0
CUST-02162,0.0993,4777.47,2,0,0
CUST-02163,0.0681,7346.15,0,0,0
CUST-02164,0.3094,6050.23,0,0,0
CUST-02165,0.0731,3618.14,2,0,0
CUST-02166,0.2432,5945.04,0,0,0
CUST-02167,0.2058,4597.1,0,0,0
CUST-02168,0.1939,4103.13,1,0,0
CUST-02169,0.1672,6703.23,0,0,0
CUST-02170,0.1802,4540.33,1,0,0
CUST-02171,0.1963,7690.91,0,0,0
CUST-02172,0.4474,5124.2,0,0,0
CUST-02173,0.1397,4709.24,1,0,0
CUST-02174,0.0603,4515.04,2,0,0
CUST-02175,0.075,7407.42,0,0,0
CUST-02176,0.2181,4106.1,2,0,0
CUST-02177,0.1605,7398.74,1,0,0
CUST-02178,0.0948,6448.88,0,0,0
CUST-02179,0.3491,3729.23,1,0,0
CUST-02180,0.2637,4975.47,2,0,0
CUST-02181,0.1543,3715.27,2,0,0
CUST-02182,0.0329,5625.03,2,0,0
CUST-02183,0.2087,5243.79,1,0,0
CUST-02184,0.0549,4936.36,2,0,0
CUST-02185,0.0281,3732.09,2,0,0
CUST-02186,0.0202,4726.76,2,0,0
CUST-02187,0.4586,5817.06,0,0,1
CUST-02188,0.3789,4640.28,2,0,0
CUST-02189,0.0617,5954.54,2,0,0
CUST-02190,0.0525,5096.67,2,0,0
CUST-02191,0.2762,5258.96,1,0,0
CUST-02192,0.1505,6139.23,0,0,0
CUST-02193,0.0168,4902.11,2,0,0
CUST-02194,0.0344,5488.5,1,0,0
CUST-02195,0.2354,8136.38,0,1,0
CUST-02196,0.0152,6035.53,2,0,0
CUST-02197,0.3374,6885.05,1,1,0
CUST-02198,0.4698,6032.99,0,0,1
CUST-02199,0.0151,5190.57,2,0,0
CUST-02200,0.0434,5818.38,2,0,0
CUST-02201,0.0747,5804.48,0,0,0
CUST-02202,0.0877,5765.04,0,0,0
CUST-02203,0.1767,5432.09,0,0,0
CUST-02204,0.1253,4638.65,2,0,0
CUST-02205,0.0284,7116.07,0,0,0
CUST-02206,0.4807,3719.13,2,0,0
CUST-02207,0.1171,4418.24,2,0,0
CUST-02208,0.0611,5488.02,0,0,0
CUST-02209,0.1426,5727.84,0,0,0
CUST-02210,0.2238,3051.24,2,0,0
CUST-02211,0.0349,4485.87,2,0,0
CUST-02212,0.2401,3616.28,2,0,0
CUST-02213,0.0696,3662.25,2,0,0
CUST-02214,0.2788,3334.81,2,0,0
CUST-02215,0.0813,4886.17,0,0,0
CUST-02216,0.1375,7426.94,0,0,0
CUST-02217,0.185,6060.68,0,0,0
CUST-02218,0.0616,8018.12,0,0,0
CUST-02219,0.0626,4399.11,2,0,0
CUST-02220,0.046,7419.42,0,0,0
CUST-02221,0.1683,6870.51,0,0,0
CUST-02222,0.4877,3609.45,2,0,0
CUST-02223,0.06,7436.42,0,0,0
CUST-02224,0.1081,4134.47,2,0,0
CUST-02225,0.0537,6039.45,0,0,0
CUST-02226,0.0484,6023.45,1,0,0
CUST-02227,0.0729,5525.73,2,0,0
CUST-02228,0.1443,3793.49,2,0,0
CUST-02229,0.0504,4229.13,2,0,0
CUST-02230,0.1025,2994.31,2,0,0
CUST-02231,0.6574,5290.07,0,0,0
CUST-02232,0.0814,6734.16,1,0,0
CUST-02233,0.0659,6892.33,0,0,0
CUST-02234,0.081,3741.36,2,0,0
CUST-02235,0.1034,4602.96,2,0,0
CUST-02236,0.1019,6164.56,0,0,0
CUST-02237,0.28,4762.45,2,0,0
CUST-02238,0.0593,6499.74,0,0,0
CUST-02239,0.247,4553.46,1,0,0
CUST-02240,0.0835,7698.99,0,0,0
CUST-02241,0.0249,4740.28,2,0,0
CUST-02242,0.0503,6304.53,0,0,0
CUST-02243,0.2783,7007.93,1,0,0
CUST-02244,0.0919,4861.05,2,0,0
CUST-02245,0.1192,4750.44,1,0,0
CUST-02246,0.1432,4403.07,2,0,0
CUST-02247,0.0642,3157.16,2,0,0
CUST-02248,0.0669,5679.02,1,0,0
CUST-02249,0.5064,4664.78,1,0,0
CUST-02250,0.0448,6327.96,0,0,0
CUST-02251,0.1124,3891.37,2,0,0
CUST-02252,0.1069,7499.08,1,0,0
CUST-02253,0.3211,6567.0,1,0,0
CUST-02254,0.0829,8524.59,0,0,0
CUST-02255,0.0425,7002.06,0,0,0
CUST-02256,0.3799,7322.01,1,0,0
CUST-02257,0.2953,5185.88,1,0,0
CUST-02258,0.1017,5992.46,0,0,0
CUST-02259,0.1667,7095.03,1,0,0
CUST-02260,0.1218,3991.74,2,0,0
CUST-02261,0.1261,4188.45,2,0,0
CUST-02262,0.1277,5030.24,0,0,0
CUST-02263,0.1822,3140.09,2,0,0
CUST-02264,0.0657,6701.5,0,0,0
CUST-02265,0.0726,8084.62,0,0,0
CUST-02266,0.0605,5088.59,2,1,0
CUST-02267,0.1777,6425.38,0,0,0
CUST-02268,0.0364,5047.44,1,0,0
CUST-02269,0.0276,5997.84,2,0,0
CUST-02270,0.2232,4871.22,1,0,0
CUST-02271,0.1765,4058.19,2,0,0
CUST-02272,0.0852,5425.04,0,0,0
CUST-02273,0.0269,5394.02,2,0,0
CUST-02274,0.1287,4113.86,2,0,0
CUST-02275,0.4845,7312.3,1,0,1
CUST-02276,0.356,4687.36,0,0,0
CUST-02277,0.0767,5471.81,2,0,0
CUST-02278,0.0394,7019.81,0,0,0
CUST-02279,0.2673,6955.61,0,0,0
CUST-02280,0.0719,4538.59,2,0,0
CUST-02281,0.1895,6323.96,1,0,0
CUST-02282,0.6332,6627.26,1,0,1
CUST-02283,0.1439,6146.6,0,0,0
CUST-02284,0.0285,7458.64,0,0,0
CUST-02285,0.2093,6563.52,0,0,0
CUST-02286,0.166,4734.08,0,0,0
CUST-02287,0.2184,2995.61,2,0,0
CUST-02288,0.1274,6687.78,0,0,0
CUST-02289,0.0738,7993.52,0,0,0
CUST-02290,0.1651,3707.97,2,0,0
CUST-02291,0.1763,3921.77,2,0,0
CUST-02292,0.1374,4737.42,2,0,0
CUST-02293,0.0985,8044.14,0,0,0
CUST-02294,0.0734,4991.76,2,0,0
CUST-02295,0.191,4393.97,1,0,0
CUST-02296,0.1422,7849.54,0,0,0
CUST-02297,0.0484,6687.23,0,0,0
CUST-02298,0.1152,8436.91,0,0,0
CUST-02299,0.1757,4914.29,0,0,0
CUST-02300,0.2411,5957.56,1,0,0
CUST-02301,0.0521,5296.36,0,0,0
CUST-02302,0.1005,6103.8,0,0,0
CUST-02303,0.1887,5954.18,0,0,0
CUST-02304,0.0672,4619.73,2,0,0
CUST-02305,0.4532,5330.22,1,0,1
CUST-02306,0.3593,5834.9,0,0,0
CUST-02307,0.0488,6226.59,2,0,0
CUST-02308,0.0469,6432.78,2,0,0
CUST-02309,0.2508,3668.54,2,0,0
CUST-02310,0.1725,4195.78,2,0,0
CUST-02311,0.053,6184.4,0,0,0
CUST-02312,0.3345,3781.96,2,0,0
CUST-02313,0.0868,7173.23,0,0,0
CUST-02314,0.0338,6580.86,0,0,0
CUST-02315,0.1913,4467.36,0,0,0
CUST-02316,0.1708,5459.33,0,0,0
CUST-02317,0.0535,5434.03,0,0,0
CUST-02318,0.0569,2827.85,2,0,0
CUST-02319,0.1284,4337.06,2,0,0
CUST-02320,0.1362,7802.73,0,0,0
CUST-02321,0.0353,5369.24,2,0,0
CUST-02322,0.6678,4301.02,2,0,0
CUST-02323,0.0637,4365.54,2,0,0
CUST-02324,0.1278,5693.0,0,0,0
CUST-02325,0.1308,4417.9,2,1,0
CUST-02326,0.2283,4973.78,2,0,0
CUST-02327,0.1415,3832.03,1,0,0
CUST-02328,0.1288,5589.44,0,1,0
CUST-02329,0.107,7147.26,0,0,0
CUST-02330,0.0816,3700.06,2,0,0
CUST-02331,0.0774,4139.74,2,0,0
CUST-02332,0.1298,6811.65,0,0,0
CUST-02333,0.0588,6624.33,0,0,0
CUST-02334,0.1334,4922.16,0,0,0
CUST-02335,0.619,3348.77,2,0,0
CUST-02336,0.0329,4815.17,2,0,0
CUST-02337,0.0797,8285.28,0,0,0
CUST-02338,0.1672,3601.61,2,0,0
CUST-02339,0.2705,4119.3,2,0,0
CUST-02340,0.097,6625.31,0,0,0
CUST-02341,0.0521,5448.24,1,0,0
CUST-02342,0.1281,4260.37,2,0,0
CUST-02343,0.0176,4331.36,2,0,0
CUST-02344,0.3006,2962.48,2,0,0
CUST-02345,0.2845,5554.32,1,0,0
CUST-02346,0.1498,6602.76,0,0,0
CUST-02347,0.0375,4152.23,2,0,0
CUST-02348,0.2336,3839.26,2,0,0
CUST-02349,0.5435,6341.01,0,0,1
CUST-02350,0.0911,4874.79,1,0,0
CUST-02351,0.0355,5053.54,2,0,0
CUST-02352,0.3392,5585.36,0,0,0
CUST-02353,0.0734,4984.77,0,0,0
CUST-02354,0.532,2715.83,2,0,0
CUST-02355,0.0605,6852.48,0,0,0
CUST-02356,0.3705,4005.7,2,0,0
CUST-02357,0.0869,6445.09,1,0,0
CUST-02358,0.2089,3267.22,2,1,0
CUST-02359,0.2641,6792.14,0,0,0
CUST-02360,0.2601,5757.79,0,0,0
CUST-02361,0.1716,4545.51,1,0,0
CUST-02362,0.2614,3909.64,2,0,0
CUST-02363,0.3069,2456.13,2,0,0
CUST-02364,0.1985,5338.64,0,0,0
CUST-02365,0.1432,5355.87,0,0,0
CUST-02366,0.6141,5389.88,1,0,1
CUST-02367,0.4479,3586.15,2,0,0
CUST-02368,0.1785,4809.1,1,0,0
CUST-02369,0.1704,6675.58,0,0,0
CUST-02370,0.0951,4499.5,2,0,0
CUST-02371,0.0909,8138.86,0,0,0
CUST-02372,0.0935,4975.73,2,0,0
CUST-02373,0.6107,4011.66,1,0,0
CUST-02374,0.0609,8914.39,0,0,0
CUST-02375,0.0319,8086.77,0,0,0
CUST-02376,0.4587,5197.63,1,0,0
CUST-02377,0.0726,4193.56,2,0,0
CUST-02378,0.0378,7358.94,0,0,0
CUST-02379,0.3624,6867.89,0,0,0
CUST-02380,0.0872,5268.44,2,0,0
CUST-02381,0.0875,4638.49,1,0,0
CUST-02382,0.0127,6861.74,0,0,0
CUST-02383,0.3789,4379.49,2,0,0
CUST-02384,0.1817,3477.78,2,0,0
CUST-02385,0.3633,5831.08,0,0,0
CUST-02386,0.0529,7314.34,0,0,0
CUST-02387,0.172,5793.52,0,0,0
CUST-02388,0.0627,5656.98,0,0,0
CUST-02389,0.5575,4885.21,1,0,0
CUST-02390,0.4315,3909.03,2,0,0
CUST-02391,0.2463,5306.57,0,0,0
CUST-02392,0.1505,7526.27,0,0,0
CUST-02393,0.1907,5302.77,1,0,0
CUST-02394,0.1055,6700.01,0,0,0
CUST-02395,0.1331,3108.17,2,1,0
CUST-02396,0.0256,5252.98,2,0,0
CUST-02397,0.087,4157.84,2,0,0
CUST-02398,0.0568,4991.52,2,0,0
CUST-02399,0.1293,3728.75,2,0,0
CUST-02400,0.1069,5735.06,0,0,0
CUST-02401,0.1266,4771.54,2,0,0
CUST-02402,0.0204,7082.49,0,0,0
CUST-02403,0.1048,4332.68,2,0,0
CUST-02404,0.042,4316.99,2,0,0
CUST-02405,0.0353,6428.55,0,0,0
CUST-02406,0.4249,4603.45,2,0,0
CUST-02407,0.329,5341.95,2,0,0
CUST-02408,0.5638,4657.04,0,0,0
CUST-02409,0.6765,4231.63,1,0,0
CUST-02410,0.0391,4045.79,2,0,0
CUST-02411,0.1561,5703.62,0,0,0
CUST-02412,0.1227,6635.18,0,0,0
CUST-02413,0.2208,8446.9,0,0,0
CUST-02414,0.0179,6289.78,2,0,0
CUST-02415,0.2107,3596.73,1,0,0
CUST-02416,0.0664,4316.27,1,0,0
CUST-02417,0.2276,4590.15,1,0,0
CUST-02418,0.0597,4545.34,2,0,0
CUST-02419,0.6001,4729.53,2,0,0
CUST-02420,0.0865,6258.73,0,1,0
CUST-02421,0.1057,4748.33,2,0,0
CUST-02422,0.0967,4197.27,2,0,0
CUST-02423,0.0296,6777.06,0,0,0
CUST-02424,0.0082,4237.2,2,0,0
CUST-02425,0.2723,6388.11,0,0,0
CUST-02426,0.166,6077.28,1,1,0
CUST-02427,0.2018,5151.49,2,0,0
CUST-02428,0.0471,4966.05,1,0,0
CUST-02429,0.098,4273.86,2,0,0
CUST-02430,0.1602,2972.77,2,0,0
CUST-02431,0.1147,4606.87,2,0,0
CUST-02432,0.5244,6892.32,0,1,1
CUST-02433,0.4732,7191.67,1,0,1
CUST-02434,0.1708,6071.97,0,0,0
CUST-02435,0.1807,5951.88,0,0,0
CUST-02436,0.4366,5514.15,0,0,1
CUST-02437,0.4579,4812.9,1,0,0
CUST-02438,0.0591,4811.58,2,0,0
CUST-02439,0.1382,7141.74,0,0,0
CUST-02440,0.0327,6042.04,0,0,0
CUST-02441,0.0695,8214.3,0,0,0
CUST-02442,0.1492,4325.06,1,0,0
CUST-02443,0.0288,5732.38,0,0,0
CUST-02444,0.3735,5251.66,1,1,0
CUST-02445,0.1614,5267.03,1,0,0
CUST-02446,0.2318,2699.56,2,1,0
CUST-02447,0.5229,4873.15,0,0,0
CUST-02448,0.1121,4186.45,2,0,0
CUST-02449,0.2903,4624.58,2,0,0
CUST-02450,0.0304,4770.09,2,0,0
CUST-02451,0.185,6558.25,0,0,0
CUST-02452,0.0259,7103.97,1,0,0
CUST-02453,0.3447,2865.22,2,0,0
CUST-02454,0.1156,5421.25,0,0,0
CUST-02455,0.2848,6091.89,1,0,0
CUST-02456,0.0678,6769.31,0,0,0
CUST-02457,0.1167,5366.86,1,0,0
CUST-02458,0.2058,9477.2,0,0,0
CUST-02459,0.0236,5441.95,2,0,0
CUST-02460,0.4911,5842.32,0,0,1
CUST-02461,0.0892,6196.98,0,0,0
CUST-02462,0.0579,6216.88,0,0,0
CUST-02463,0.0333,6684.55,0,0,0
CUST-02464,0.1841,5293.42,0,0,0
CUST-02465,0.2926,5200.21,2,0,0
CUST-02466,0.0378,3663.37,2,0,0
CUST-02467,0.1607,5461.52,0,0,0
CUST-02468,0.3627,7017.75,0,0,0
CUST-02469,0.1805,6287.97,1,0,0
CUST-02470,0.0759,4301.14,2,0,0
CUST-02471,0.5253,7136.03,0,0,1
CUST-02472,0.3863,3093.69,2,0,0
CUST-02473,0.209,5572.18,0,0,0
CUST-02474,0.0539,6819.21,0,0,0
CUST-02475,0.0347,5103.89,1,0,0
CUST-02476,0.6281,5708.46,0,0,1
CUST-02477,0.0889,5609.02,0,0,0
CUST-02478,0.1572,2392.89,2,1,0
CUST-02479,0.4493,4115.07,2,0,0
CUST-02480,0.1927,5346.51,2,0,0
CUST-02481,0.0305,7209.09,1,0,0
CUST-02482,0.1291,3709.32,2,0,0
CUST-02483,0.538,4755.76,1,0,0
CUST-02484,0.1714,5973.26,0,0,0
CUST-02485,0.083,6304.6,1,0,0
CUST-02486,0.0831,6422.43,1,0,0
CUST-02487,0.6158,4632.5,1,0,0
CUST-02488,0.0436,5290.27,2,0,0
CUST-02489,0.0522,4114.28,2,1,0
CUST-02490,0.0263,4438.4,2,0,0
CUST-02491,0.3282,6657.34,0,0,0
CUST-02492,0.1692,4901.8,0,0,0
CUST-02493,0.0349,6451.41,1,0,0
CUST-02494,0.2226,5699.44,0,0,0
CUST-02495,0.1856,6655.88,0,0,0
CUST-02496,0.4259,4936.08,1,0,0
CUST-02497,0.0248,6821.07,0,0,0
CUST-02498,0.4774,5618.95,1,0,1
CUST-02499,0.4934,4756.53,2,0,0
CUST-02500,0.1862,6416.31,0,0,0
CUST-02501,0.5007,5743.98,0,0,1
CUST-02502,0.2325,7192.3,0,0,0
CUST-02503,0.0725,4282.87,1,0,0
CUST-02504,0.1696,3692.53,2,0,0
CUST-02505,0.0844,2959.34,2,0,0
CUST-02506,0.4432,6504.62,1,0,1
CUST-02507,0.0875,7066.65,0,0,0
CUST-02508,0.336,4275.52,2,0,0
CUST-02509,0.3016,5501.85,0,0,0
CUST-02510,0.2248,5821.24,0,0,0
CUST-02511,0.5713,3627.78,2,0,0
CUST-02512,0.2682,5253.44,0,0,0
CUST-02513,0.1648,5267.91,0,0,0
CUST-02514,0.0273,4854.64,2,0,0
CUST-02515,0.1533,3092.36,2,0,0
CUST-02516,0.0301,4813.09,2,0,0
CUST-02517,0.1555,4778.98,2,0,0
CUST-02518,0.2867,5717.07,0,0,0
CUST-02519,0.1221,6760.69,0,0,0
CUST-02520,0.1632,4616.34,2,0,0
CUST-02521,0.2068,4522.63,2,0,0
CUST-02522,0.2695,5137.88,0,0,0
CUST-02523,0.1351,5386.49,0,0,0
CUST-02524,0.0543,7874.23,0,0,0
CUST-02525,0.4585,4795.88,0,0,0
CUST-02526,0.0093,5747.99,2,0,0
CUST-02527,0.1251,4328.53,2,0,0
CUST-02528,0.3929,5717.63,0,0,0
CUST-02529,0.5819,4403.7,2,0,0
CUST-02530,0.3813,5607.76,0,0,0
CUST-02531,0.0937,6532.08,0,0,0
CUST-02532,0.0443,7995.55,0,0,0
CUST-02533,0.5604,5216.21,1,0,0
CUST-02534,0.2365,5291.66,0,0,0
CUST-02535,0.0407,8691.98,0,0,0
CUST-02536,0.377,4112.3,2,0,0
CUST-02537,0.1061,4167.01,2,0,0
CUST-02538,0.2124,5983.42,0,0,0
CUST-02539,0.2281,5305.77,0,0,0
CUST-02540,0.4749,5661.37,0,0,1
CUST-02541,0.1748,5577.99,0,0,0
CUST-02542,0.0494,5976.51,1,0,0
CUST-02543,0.1763,5402.52,0,0,0
CUST-02544,0.0106,5984.1,2,0,0
CUST-02545,0.0797,4619.97,2,0,0
CUST-02546,0.2026,3066.16,2,0,0
CUST-02547,0.1532,3599.65,2,0,0
CUST-02548,0.2385,3134.08,2,0,0
CUST-02549,0.502,4007.13,2,0,0
CUST-02550,0.3322,4100.31,2,0,0
CUST-02551,0.0359,7318.01,0,0,0
CUST-02552,0.0348,4990.05,2,0,0
CUST-02553,0.0499,2882.53,2,0,0
CUST-02554,0.1238,3535.1,2,0,0
CUST-02555,0.0908,4732.45,2,0,0
CUST-02556,0.1341,6309.09,0,0,0
CUST-02557,0.0482,4370.5,2,0,0
CUST-02558,0.5989,3262.68,2,0,0
CUST-02559,0.1419,6388.82,0,0,0
CUST-02560,0.0795,4684.91,2,0,0
CUST-02561,0.0663,6369.09,1,0,0
CUST-02562,0.4528,4849.82,1,0,0
CUST-02563,0.2526,5846.77,0,0,0
CUST-02564,0.05,4799.14,2,0,0
CUST-02565,0.194,5344.58,1,0,0
CUST-02566,0.1225,7108.26,0,0,0
CUST-02567,0.0608,5537.05,2,0,0
CUST-02568,0.0303,7072.62,0,0,0
CUST-02569,0.1693,4690.68,2,0,0
CUST-02570,0.1014,4744.97,2,0,0
CUST-02571,0.2534,5503.77,0,0,0
CUST-02572,0.08,6207.24,0,0,0
CUST-02573,0.1571,5379.64,0,0,0
CUST-02574,0.1609,4423.16,2,0,0
CUST-02575,0.2264,2867.81,2,0,0
CUST-02576,0.15,3081.88,2,0,0
CUST-02577,0.0353,7027.09,0,0,0
CUST-02578,0.3333,6521.36,0,0,0
CUST-02579,0.1966,5236.87,2,0,0
CUST-02580,0.0233,3281.57,2,0,0
CUST-02581,0.0432,6395.53,0,0,0
CUST-02582,0.5395,5868.17,1,0,1
CUST-02583,0.0359,6898.77,0,0,0
CUST-02584,0.196,4429.5,2,0,0
CUST-02585,0.044,5828.88,2,0,0
CUST-02586,0.0915,3911.06,2,0,0
CUST-02587,0.1768,6578.61,0,0,0
CUST-02588,0.5138,5572.01,1,0,1
CUST-02589,0.0572,5428.42,2,0,0
CUST-02590,0.5333,5722.43,0,0,1
CUST-02591,0.1746,5209.11,1,0,0
CUST-02592,0.0768,5610.6,1,0,0
CUST-02593,0.0789,4084.2,2,0,0
CUST-02594,0.0471,4364.75,2,0,0
CUST-02595,0.1449,5442.82,1,0,0
CUST-02596,0.343,5809.33,1,0,0
CUST-02597,0.281,4868.68,2,0,0
CUST-02598,0.1343,5076.15,2,0,0
CUST-02599,0.3474,5825.17,1,0,0
CUST-02600,0.086,5726.95,0,0,0
CUST-02601,0.0869,6359.2,0,0,0
CUST-02602,0.3184,5555.37,1,0,0
CUST-02603,0.5143,4717.98,0,0,0
CUST-02604,0.0537,4848.8,2,0,0
CUST-02605,0.168,3824.52,2,0,0
CUST-02606,0.05,5702.88,0,0,0
CUST-02607,0.0827,9486.96,0,1,0
CUST-02608,0.0647,5591.32,0,0,0
CUST-02609,0.0406,4604.99,2,0,0
CUST-02610,0.0932,7885.07,0,0,0
CUST-02611,0.1541,5309.67,0,0,0
CUST-02612,0.097,6337.1,1,0,0
CUST-02613,0.4387,4912.88,0,0,0
CUST-02614,0.2323,5472.31,0,0,0
CUST-02615,0.1364,4813.99,0,0,0
CUST-02616,0.275,3876.32,2,0,0
CUST-02617,0.0409,8514.13,0,0,0
CUST-02618,0.197,2440.97,2,0,0
CUST-02619,0.0229,6986.82,0,0,0
CUST-02620,0.0864,4134.24,2,0,0
CUST-02621,0.0226,7734.47,0,0,0
CUST-02622,0.0532,4062.85,2,0,0
CUST-02623,0.0907,8159.55,0,0,0
CUST-02624,0.3513,4882.63,2,0,0
CUST-02625,0.0994,8270.33,0,0,0
CUST-02626,0.1361,5982.04,1,0,0
CUST-02627,0.1612,8198.84,0,0,0
CUST-02628,0.3756,4000.92,2,0,0
CUST-02629,0.3358,6958.14,0,0,0
CUST-02630,0.2173,3365.43,2,0,0
CUST-02631,0.2973,5423.89,0,0,0
CUST-02632,0.0991,4906.19,2,0,0
CUST-02633,0.4358,4963.73,1,0,0
CUST-02634,0.045,6670.51,0,0,0
CUST-02635,0.0753,5728.72,2,0,0
CUST-02636,0.0825,5694.07,1,0,0
CUST-02637,0.0201,7130.16,1,0,0
CUST-02638,0.1061,9982.52,0,0,0
CUST-02639,0.0681,6703.95,0,0,0
CUST-02640,0.3321,6445.75,0,1,0
CUST-02641,0.0562,4620.77,2,0,0
CUST-02642,0.0904,5972.75,0,1,0
CUST-02643,0.3443,4555.72,1,0,0
CUST-02644,0.3206,5870.01,1,0,0
CUST-02645,0.2345,7237.4,1,0,0
CUST-02646,0.0549,6578.78,1,0,0
CUST-02647,0.2113,5762.23,1,0,0
CUST-02648,0.0605,4902.8,2,0,0
CUST-02649,0.1061,5718.42,0,0,0
CUST-02650,0.3559,5840.92,0,0,0
CUST-02651,0.0943,3553.2,2,0,0
CUST-02652,0.1447,4027.28,1,0,0
CUST-02653,0.0794,5137.74,1,0,0
CUST-02654,0.3631,5347.23,0,0,0
CUST-02655,0.1068,4506.5,2,0,0
CUST-02656,0.1061,5694.25,0,0,0
CUST-02657,0.1602,6580.9,0,0,0
CUST-02658,0.0585,6256.21,0,0,0
CUST-02659,0.0547,5679.87,1,0,0
CUST-02660,0.0503,4675.4,2,0,0
CUST-02661,0.0371,6288.41,2,0,0
CUST-02662,0.0666,4350.17,2,0,0
CUST-02663,0.3224,5678.93,0,0,0
CUST-02664,0.2129,4713.02,2,0,0
CUST-02665,0.432,6025.45,1,0,1
CUST-02666,0.6572,5679.21,1,0,1
CUST-02667,0.2643,4396.77,1,0,0
CUST-02668,0.1242,5350.11,0,0,0
CUST-02669,0.1322,5056.54,2,0,0
CUST-02670,0.0789,4244.54,2,0,0
CUST-02671,0.1243,5979.2,0,0,0
CUST-02672,0.0786,3800.03,2,0,0
CUST-02673,0.0673,8326.2,0,0,0
CUST-02674,0.4529,4376.11,2,0,0
CUST-02675,0.6312,5687.15,1,0,1
CUST-02676,0.558,4879.49,0,0,0
CUST-02677,0.1283,4060.38,2,0,0
CUST-02678,0.3991,4858.61,1,0,0
CUST-02679,0.1743,4945.88,0,0,0
CUST-02680,0.074,7668.36,0,0,0
CUST-02681,0.0761,5635.86,2,0,0
CUST-02682,0.0428,4851.96,2,0,0
CUST-02683,0.0795,5458.67,1,0,0
CUST-02684,0.0807,5231.53,2,0,0
CUST-02685,0.0395,7638.36,0,0,0
CUST-02686,0.0802,5547.17,1,0,0
CUST-02687,0.0366,5840.22,2,0,0
CUST-02688,0.1946,5289.32,1,1,0
CUST-02689,0.0698,5620.33,1,0,0
CUST-02690,0.299,7516.55,0,0,0
CUST-02691,0.3417,5468.23,0,0,0
CUST-02692,0.4762,5849.63,0,0,1
CUST-02693,0.1925,4655.18,1,0,0
CUST-02694,0.6087,6354.42,0,0,1
CUST-02695,0.1613,5116.51,1,0,0
CUST-02696,0.2669,2984.88,2,0,0
CUST-02697,0.6637,5573.84,0,0,1
CUST-02698,0.1239,7734.47,0,0,0
CUST-02699,0.4568,4169.56,2,0,0
CUST-02700,0.1551,4570.64,2,0,0
CUST-02701,0.2952,3867.33,2,0,0
CUST-02702,0.2963,4011.66,1,0,0
CUST-02703,0.0718,5596.77,1,0,0
CUST-02704,0.121,5449.15,2,1,0
CUST-02705,0.4896,3758.98,2,0,0
CUST-02706,0.063,3898.19,2,0,0
CUST-02707,0.2612,2908.95,2,0,0
CUST-02708,0.0849,5253.95,2,0,0
CUST-02709,0.0398,6417.67,1,0,0
CUST-02710,0.0202,6346.44,2,0,0
CUST-02711,0.4215,5807.04,0,0,1
CUST-02712,0.127,7417.58,1,0,0
CUST-02713,0.0329,5833.81,1,0,0
CUST-02714,0.0716,7262.05,0,0,0
CUST-02715,0.2657,3556.76,2,0,0
CUST-02716,0.1995,7698.11,0,0,0
CUST-02717,0.1096,4648.73,2,0,0
CUST-02718,0.2386,5959.2,0,0,0
CUST-02719,0.0174,7700.15,0,0,0
CUST-02720,0.2967,6469.64,1,0,0
CUST-02721,0.3679,3336.76,2,0,0
CUST-02722,0.0242,6147.54,1,0,0
CUST-02723,0.4257,3936.71,1,0,0
CUST-02724,0.0193,3878.62,2,0,0
CUST-02725,0.1701,3692.56,1,0,0
CUST-02726,0.0393,7204.89,1,0,0
CUST-02727,0.0559,6411.75,0,0,0
CUST-02728,0.5642,3857.71,2,0,0
CUST-02729,0.2701,6216.37,0,0,0
CUST-02730,0.0515,7200.42,0,0,0
CUST-02731,0.2641,6899.0,0,0,0
CUST-02732,0.3867,5970.11,0,0,0
CUST-02733,0.0673,6158.16,0,0,0
CUST-02734,0.0868,2401.81,2,0,0
CUST-02735,0.1546,5176.46,1,0,0
CUST-02736,0.1769,4292.19,2,0,0
CUST-02737,0.1411,3399.17,2,1,0
CUST-02738,0.0699,4756.89,2,0,0
CUST-02739,0.1925,4868.83,0,0,0
CUST-02740,0.1752,5952.49,0,0,0
CUST-02741,0.2773,5441.88,1,0,0
CUST-02742,0.0783,8373.97,0,0,0
CUST-02743,0.1691,5635.42,0,0,0
CUST-02744,0.145,3091.79,2,1,0
CUST-02745,0.1289,6924.56,0,0,0
CUST-02746,0.1162,3971.57,2,0,0
CUST-02747,0.0471,4909.58,2,0,0
CUST-02748,0.0919,5398.12,0,0,0
CUST-02749,0.4058,4795.81,2,0,0
CUST-02750,0.1138,3950.87,2,0,0
CUST-02751,0.3525,4627.36,2,0,0
CUST-02752,0.2327,3466.7,2,0,0
CUST-02753,0.2238,6016.11,0,0,0
CUST-02754,0.137,4387.64,2,0,0
CUST-02755,0.1937,3746.18,2,0,0
CUST-02756,0.1027,5781.33,1,0,0
CUST-02757,0.0391,4908.62,2,0,0
CUST-02758,0.2046,4271.13,1,0,0
CUST-02759,0.0859,3032.57,2,0,0
CUST-02760,0.1388,4119.5,2,0,0
CUST-02761,0.0409,7843.13,0,0,0
CUST-02762,0.3024,3505.95,2,0,0
CUST-02763,0.1095,5056.51,2,0,0
CUST-02764,0.1453,7117.02,0,0,0
CUST-02765,0.0137,5045.15,2,0,0
CUST-02766,0.0978,3973.77,2,0,0
CUST-02767,0.2814,4899.04,0,0,0
CUST-02768,0.0754,5273.8,0,0,0
CUST-02769,0.0358,7229.65,0,0,0
CUST-02770,0.2529,6675.68,0,0,0
CUST-02771,0.1744,3136.73,2,0,0
CUST-02772,0.158,4145.15,2,0,0
CUST-02773,0.1089,5260.05,0,0,0
CUST-02774,0.3892,4271.09,2,0,0
CUST-02775,0.1187,7272.5,0,0,0
CUST-02776,0.1019,2448.73,2,1,0
CUST-02777,0.1065,5280.88,0,0,0
CUST-02778,0.4904,9365.27,0,0,1
CUST-02779,0.2403,5952.19,0,0,0
CUST-02780,0.1054,3546.01,2,0,0
CUST-02781,0.0826,4704.18,2,0,0
CUST-02782,0.5438,5743.48,0,0,1
CUST-02783,0.03,6871.98,1,0,0
CUST-02784,0.0983,5079.64,0,0,0
CUST-02785,0.6619,5676.06,0,0,1
CUST-02786,0.0269,6356.8,0,0,0
CUST-02787,0.5034,3559.86,2,0,0
CUST-02788,0.15,5705.45,0,0,0
CUST-02789,0.3035,6434.63,1,0,0
CUST-02790,0.0451,3610.8,2,0,0
CUST-02791,0.4065,5740.12,1,0,1
CUST-02792,0.4556,5386.39,1,0,1
CUST-02793,0.1107,6207.66,0,0,0
CUST-02794,0.145,8173.12,0,1,0
CUST-02795,0.155,5468.52,0,0,0
CUST-02796,0.2174,5015.58,0,0,0
CUST-02797,0.0344,6599.75,0,0,0
CUST-02798,0.2323,5852.71,1,0,0
CUST-02799,0.0287,5491.14,0,0,0
CUST-02800,0.2706,5693.73,0,0,0
CUST-02801,0.5068,7122.63,0,0,1
CUST-02802,0.2961,6132.91,0,0,0
CUST-02803,0.262,2233.28,2,0,0
CUST-02804,0.263,6530.51,0,0,0
CUST-02805,0.0311,4514.22,2,0,0
CUST-02806,0.0516,5529.46,0,0,0
CUST-02807,0.2636,4093.95,1,0,0
CUST-02808,0.0822,3952.3,2,0,0
CUST-02809,0.1654,6832.49,0,0,0
CUST-02810,0.0583,3470.63,2,0,0
CUST-02811,0.4675,4224.19,2,0,0
CUST-02812,0.071,5714.96,0,0,0
CUST-02813,0.0507,5101.21,2,0,0
CUST-02814,0.0337,8478.83,1,0,0
CUST-02815,0.0932,4505.82,2,0,0
CUST-02816,0.5736,6001.52,0,0,1
CUST-02817,0.114,6046.11,0,0,0
CUST-02818,0.2589,5517.57,0,0,0
CUST-02819,0.2316,6012.2,0,0,0
CUST-02820,0.0459,7105.79,0,0,0
CUST-02821,0.3854,3245.96,2,0,0
CUST-02822,0.4,2473.45,2,0,0
CUST-02823,0.1685,4540.2,2,0,0
CUST-02824,0.0658,7129.88,1,0,0
CUST-02825,0.2066,7015.77,0,0,0
CUST-02826,0.1082,6400.37,0,0,0
CUST-02827,0.1421,3231.69,2,1,0
CUST-02828,0.2076,5648.3,0,0,0
CUST-02829,0.1093,8345.46,0,0,0
CUST-02830,0.1688,6297.24,0,0,0
CUST-02831,0.431,3387.66,2,0,0
CUST-02832,0.2883,5447.62,0,0,0
CUST-02833,0.2298,5119.86,1,0,0
CUST-02834,0.113,5602.42,2,0,0
CUST-02835,0.0274,4910.25,2,0,0
CUST-02836,0.2194,5874.96,0,0,0
CUST-02837,0.0682,5664.01,2,0,0
CUST-02838,0.406,3692.11,2,0,0
CUST-02839,0.1432,5388.97,0,0,0
CUST-02840,0.0369,5772.89,2,0,0
CUST-02841,0.1573,4170.74,1,0,0
CUST-02842,0.1128,8465.8,0,0,0
CUST-02843,0.2113,4927.05,1,0,0
CUST-02844,0.098,4546.69,2,0,0
CUST-02845,0.1555,4676.8,2,0,0
CUST-02846,0.0948,4932.96,1,0,0
CUST-02847,0.0986,7785.8,1,0,0
CUST-02848,0.3244,4147.82,1,0,0
CUST-02849,0.4853,6803.42,1,0,1
CUST-02850,0.0997,4139.07,2,0,0
CUST-02851,0.128,4876.61,0,0,0
CUST-02852,0.0938,4094.85,2,0,0
CUST-02853,0.2049,4818.42,1,0,0
CUST-02854,0.083,4304.08,2,0,0
CUST-02855,0.0749,7212.24,0,0,0
CUST-02856,0.1018,7494.25,0,0,0
CUST-02857,0.1715,4179.62,2,0,0
CUST-02858,0.4932,5874.47,1,0,1
CUST-02859,0.4538,4660.72,2,0,0
CUST-02860,0.0788,3893.08,2,0,0
CUST-02861,0.0611,3907.49,2,0,0
CUST-02862,0.1604,6132.69,0,0,0
CUST-02863,0.0354,5593.35,2,0,0
CUST-02864,0.137,6726.39,1,0,0
CUST-02865,0.048,5278.27,2,0,0
CUST-02866,0.2271,6405.81,0,0,0
CUST-02867,0.5952,2651.53,2,1,0
CUST-02868,0.0196,8227.16,0,0,0
CUST-02869,0.0445,5326.93,1,0,0
CUST-02870,0.6508,4671.75,0,0,0
CUST-02871,0.0722,7455.1,0,0,0
CUST-02872,0.0762,7560.39,0,0,0
CUST-02873,0.1686,4509.2,1,0,0
CUST-02874,0.0694,5675.97,2,0,0
CUST-02875,0.3386,5480.95,0,0,0
CUST-02876,0.0487,4150.21,1,1,0
CUST-02877,0.1683,2876.22,2,0,0
CUST-02878,0.1914,4560.62,2,0,0
CUST-02879,0.4257,2957.91,2,0,0
CUST-02880,0.0642,3012.43,2,0,0
CUST-02881,0.1141,8822.19,0,0,0
CUST-02882,0.1012,4654.84,1,0,0
CUST-02883,0.12,5350.39,1,0,0
CUST-02884,0.1224,5025.36,1,0,0
CUST-02885,0.4581,6960.23,0,0,1
CUST-02886,0.0615,3705.77,2,0,0
CUST-02887,0.1324,4107.52,2,1,0
CUST-02888,0.0249,6276.52,2,0,0
CUST-02889,0.1411,5918.87,2,0,0
CUST-02890,0.4481,4556.76,2,0,0
CUST-02891,0.1745,3969.83,2,0,0
CUST-02892,0.0216,7862.6,0,0,0
CUST-02893,0.0956,4882.01,2,0,0
CUST-02894,0.0529,6743.75,0,0,0
CUST-02895,0.1384,2380.5,2,0,0
CUST-02896,0.1856,5873.43,1,0,0
CUST-02897,0.0532,6474.63,0,0,0
CUST-02898,0.0796,4719.03,2,0,0
CUST-02899,0.0733,5327.12,2,0,0
CUST-02900,0.1019,2659.05,2,1,0
CUST-02901,0.1601,5342.11,0,0,0
CUST-02902,0.6545,5703.59,0,0,1
CUST-02903,0.1576,2901.22,2,0,0
CUST-02904,0.0457,6318.82,1,1,0
CUST-02905,0.306,5850.42,0,0,0
CUST-02906,0.2161,4552.21,1,0,0
CUST-02907,0.081,7687.76,0,0,0
CUST-02908,0.0573,5699.05,2,0,0
CUST-02909,0.5928,5520.27,0,0,1
CUST-02910,0.0227,6415.03,0,0,0
CUST-02911,0.5304,6037.63,0,0,1
CUST-02912,0.069,6846.69,0,0,0
CUST-02913,0.0193,4636.92,2,0,0
CUST-02914,0.339,5268.59,1,0,0
CUST-02915,0.6909,5260.02,0,0,0
CUST-02916,0.2302,3382.08,2,0,0
CUST-02917,0.093,7061.48,0,0,0
CUST-02918,0.0719,7082.3,0,0,0
CUST-02919,0.2248,4461.23,2,0,0
CUST-02920,0.0562,9287.73,0,1,0
CUST-02921,0.2358,3114.31,2,0,0
CUST-02922,0.0444,5097.29,2,0,0
CUST-02923,0.1139,4240.91,2,0,0
CUST-02924,0.5009,5243.14,0,0,0
CUST-02925,0.1319,4083.59,2,0,0
CUST-02926,0.0306,5027.64,2,0,0
CUST-02927,0.1258,7045.98,0,0,0
CUST-02928,0.1264,4017.19,2,0,0
CUST-02929,0.0101,4920.89,2,0,0
CUST-02930,0.557,7029.22,0,0,1
CUST-02931,0.1345,3829.83,2,0,0
CUST-02932,0.0426,4057.37,2,0,0
CUST-02933,0.3673,4194.69,2,0,0
CUST-02934,0.0545,3657.36,2,0,0
CUST-02935,0.1431,5163.84,2,0,0
CUST-02936,0.2239,5532.89,0,0,0
CUST-02937,0.1951,6652.83,0,0,0
CUST-02938,0.1408,5954.27,0,0,0
CUST-02939,0.1252,4863.73,0,0,0
CUST-02940,0.0336,3879.51,2,0,0
CUST-02941,0.274,4169.71,1,0,0
CUST-02942,0.0379,6167.11,2,0,0
CUST-02943,0.3894,5514.34,0,0,0
CUST-02944,0.4712,2264.97,2,0,0
CUST-02945,0.4371,7803.11,0,1,1
CUST-02946,0.5436,4443.21,2,0,0
CUST-02947,0.11,4183.06,2,0,0
CUST-02948,0.0618,6517.46,0,0,0
CUST-02949,0.0245,5439.76,1,0,0
CUST-02950,0.1311,3571.13,2,0,0
CUST-02951,0.1954,4425.54,2,0,0
CUST-02952,0.0719,7913.16,0,0,0
CUST-02953,0.2203,5873.91,1,0,0
CUST-02954,0.0195,5854.58,0,0,0
CUST-02955,0.0085,5684.11,0,0,0
CUST-02956,0.1583,7685.14,0,0,0
CUST-02957,0.0396,3636.22,2,0,0
CUST-02958,0.0154,4095.33,2,0,0
CUST-02959,0.2691,3594.55,2,0,0
CUST-02960,0.0469,7228.94,0,0,0
CUST-02961,0.3065,7904.9,0,0,0
CUST-02962,0.1605,5811.06,0,0,0
CUST-02963,0.0272,6072.71,2,0,0
CUST-02964,0.4788,6854.05,0,0,1
CUST-02965,0.4166,4656.47,2,0,0
CUST-02966,0.0745,5549.98,1,1,0
CUST-02967,0.0375,6817.52,1,0,0
CUST-02968,0.6097,5631.11,1,0,1
CUST-02969,0.0282,3465.82,2,0,0
CUST-02970,0.2791,4038.3,2,0,0
CUST-02971,0.0649,4162.12,2,0,0
CUST-02972,0.6332,5678.71,1,0,1
CUST-02973,0.0594,6109.81,2,0,0
CUST-02974,0.5056,5580.75,1,0,1
CUST-02975,0.2092,3934.4,2,0,0
CUST-02976,0.0579,3291.85,2,0,0
CUST-02977,0.332,3809.5,2,0,0
CUST-02978,0.071,5107.84,1,0,0
CUST-02979,0.1294,3859.97,2,0,0
CUST-02980,0.0644,5511.67,1,0,0
CUST-02981,0.063,6289.77,0,0,0
CUST-02982,0.0455,7772.32,0,0,0
CUST-02983,0.2992,3252.54,2,0,0
CUST-02984,0.5843,4596.34,2,0,0
CUST-02985,0.0551,4462.92,2,0,0
CUST-02986,0.0826,4276.44,2,0,0
CUST-02987,0.098,4009.5,1,0,0
CUST-02988,0.197,5311.27,0,0,0
CUST-02989,0.1147,6057.22,0,0,0
CUST-02990,0.4194,5563.98,0,0,1
CUST-02991,0.0217,4881.8,2,0,0
CUST-02992,0.3234,3789.92,2,0,0
CUST-02993,0.0286,4344.32,2,0,0
CUST-02994,0.0802,3843.76,2,0,0
CUST-02995,0.0167,6451.53,1,0,0
CUST-02996,0.0439,6084.9,0,0,0
CUST-02997,0.0251,6025.38,1,0,0
CUST-02998,0.1288,5765.85,0,0,0
CUST-02999,0.0779,5525.56,0,0,0
CUST-03000,0.1906,3754.85,2,0,0
